Image,Label
24117,4
15322,4
14546,
8079,
13192,4
25927,4
3372,0
21781,
2847,4
16413,4
12090,
6937,4
28974,4 6
14484,4 6 7
22781,4
3906,4
10486,
10948,
23752,4
21219,4
24047,
12814,
2400,6 7
30332,4 6
23728,6
28039,6 7
18669,4 6 7
22520,4
3143,4
16968,6
18868,4
26489,6
21931,4
9749,4
26124,
16546,6 7
234,6 7
7855,4
3866,6 7
4655,4
18332,4
17368,4
93,6 7
26682,6
23075,4
6200,6 7
20047,6 7
9136,4
18778,6
26346,0
3741,6 7
22863,
21698,4
21906,4
23453,
8557,6
24638,4
5950,6 7
19639,4
11628,4
14064,4
15059,6
11550,
29457,
7711,4
28287,
16158,
16094,6 7
17654,4
6910,6 7
12298,4
27935,6
5019,
7200,
15279,6
30383,6
28803,4
23839,6
11106,
13423,6 7
21059,
17274,4 6
4877,3 4 7
16478,4
26799,4
19310,
11810,
7545,4 6
26224,4
17400,4
23317,0
8540,
24095,
22810,6 7
29138,4
25457,6
12482,
10374,4
18976,6
21236,
21795,6 7
3205,
12001,
15198,
9496,4
21239,4
3992,4
17631,3 4 7
6511,0
20732,
23237,
17306,3 4 7
13989,
6382,4 6 7
9312,
7918,4
12438,
26177,4
19690,6 7
24692,4
29141,6
14867,6 7
11685,
16588,4
21182,
6675,4
5055,6 7
17815,6 7
25468,0
19774,4 6
8647,
26626,
26529,
13483,6 7
2562,0
17907,
25090,
25911,4
26669,6 7
5650,0
625,
12351,4 6
11959,6 7
28697,
24250,
11019,6
6084,4
30133,6 7
10828,6
11145,
3695,6
18520,
15727,6
14493,
16030,4
8573,4
14864,4
17530,6 7
831,
27440,
28724,
1552,
11653,4
11890,
13112,0
27506,0
24873,6
21744,4
14003,4
22395,4
10334,0
8091,
23253,
968,6 7
1025,
12125,
29913,6
12073,
11488,6
23828,6 7
10360,4
23296,4 6
16808,6 7
10765,6
13748,6
13202,0
2519,
23017,
30772,6
29489,
11295,6 7
22019,
26973,4
963,
10927,6 7
8751,
25774,4
8397,
13806,4 6
12892,4 6
13939,0
11031,6
3099,
7959,
19407,6 7
30209,
30416,
14938,6 7
1796,
23465,
4477,
25960,4
15529,6
4110,
17200,
27503,4
16936,
13527,4
26580,4
12843,4
25833,6
1541,4
9445,
30354,
27012,4
26496,6 7
17246,6 7
7135,
312,
21149,4
7010,4 6
25521,
26651,4
19033,
17490,4
7310,4
11406,
2667,
13961,
25863,
3989,
7145,4
18182,4
12808,4
1035,6
6049,4 6
18040,4
10305,
2293,
15512,4 6 7
31033,6
975,4
19791,
19773,
1388,4
17520,6
23175,6 7
19323,6
27655,4
19117,
28520,4
20653,
24414,
27349,4
15528,
1985,
9584,4
9424,4
9306,4
26924,4 6
19101,
236,4
20576,6 7
20658,4
16093,4
14674,6 7
17976,4
13171,
20353,6 7
30153,
1086,4
10136,6 7
12302,
5590,6
8497,4
953,
8376,4
13638,4
6399,4
19792,
19077,4
16336,
26809,
18181,
26950,4
9459,4
3182,
22509,6 7
13067,6 7
6100,
287,6 7
23,6
11043,6
30254,6 7
23968,4
18381,
22366,
28406,4
170,6 7
1981,4
18672,6
4149,4
18272,4
13917,
15285,4
27132,6
16367,
17066,6
18326,4
26368,4
25195,4
13973,0
21978,6 7
27469,
24903,4 6
20663,
2365,
7164,0
20363,6
29503,6 7
21148,
19012,4
27823,0
28605,6
3166,6 7
6412,4
25160,4
2757,4
12748,6 7
19014,4
28461,4
1088,
3023,6 7
20123,6 7
1353,
23435,4
15524,
799,
10553,4
8527,4 6
15884,4 6
29242,4
10888,
29505,4
9815,4
15534,4
17839,4
22627,6 7
22679,4
28292,4
7228,6
9896,4
10801,
4804,6
8249,4
5638,
4276,
11115,4
23181,
9130,4
13204,6
8550,4
23811,6 7
785,
9897,4
18069,
16931,
27502,6 7
25773,
3718,6 7
16294,
26718,4
19727,
7176,4 6
6907,6 7
30142,
6564,4
11188,4
27644,6 7
11561,
18628,6
17791,4
13757,0
24588,6 7
23830,4
10522,
415,
27965,
10148,
28905,4
7586,6 7
8065,
27791,4
24616,4
24883,4
22759,
12443,4 6 7
7796,4
5360,4
20530,4 6
3539,6
10557,4
16207,
28983,4 6 7
3916,
10943,4
1974,4
21215,6
14887,0
4423,4
23885,6 7
25082,
252,
4734,
12199,4
26655,
14117,6
11082,6
3480,4
25690,4
4712,6
17195,4
2292,4
1012,4 6
17864,6 7
25861,6 7
8088,
9833,4 6
17162,
8789,
22556,4
927,
23615,6 7
3046,6
24304,4
18817,
18873,4
25200,
22152,6 7
15630,6
12114,4 6 7
15814,4 6
3825,
14655,
31045,4
29209,
7474,4
12392,6
27555,4
22764,4 6
11816,6 7
15849,
27052,
17324,4
9065,
9394,4
11415,
29976,6 7
5223,0
15597,4 6
25093,
1843,
1810,4 6
2544,
16058,4
21392,
24682,4
16456,4
26654,4
1031,4
12492,6
11081,6
12713,
7388,4
17673,4
21080,6 7
9478,6 7
13745,0
19704,4
15078,0
11800,
6717,
23190,0
16282,
6833,4 6
13802,4
5853,6 7
2759,4
14037,
18244,
17533,4
16596,
12687,6 7
12693,
7293,
4245,4
8436,
17806,4
5852,4 6
27024,4
12514,0
18464,
30293,
8896,6
28215,4
3119,
30027,
29350,6 7
235,6
16074,
19891,
28236,4 6
49,6 7
8637,
13700,3 4 6 7
2126,
13295,
11149,6 7
26450,
11471,4 6
28291,
4609,6 7
2092,6
5306,
30357,6 7
18558,4
18560,4 6
14284,4
4539,4
27299,4
8417,4
30834,4 6
16352,
1641,6 7
27771,6
243,6
18760,6
6656,4
8897,4
14188,4
30798,6
19041,6
9242,
17620,6 7
1365,6
26021,4 6
21146,4
5782,4
4757,
5686,6 7
25945,6
13698,6
13150,6 7
1454,6
9117,4 6
21350,
21105,6 7
27019,6 7
19753,4
28220,
24636,
261,
14638,4
15424,4 6
22076,
16694,6 7
6050,6 7
30588,
2591,4
20601,6 7
17358,6
12715,6 7
26919,6 7
7407,6 7
174,4
27035,4
3309,
2685,6 7
27851,
20597,4
24715,
23124,4
26268,0
6453,
7648,
11305,4
11313,4
28560,6 7
5056,6 7
5970,4
13119,
4293,6 7
15622,4
14615,4
19864,4
17025,
23503,
16481,4 6 7
30966,6 7
23299,4
3598,4
28455,
6640,6 7
10525,4
22094,4
30159,
30062,4 6
25765,6 7
25835,4
11132,
19743,6
12145,
16770,
26281,
27447,4
31067,4
19834,6 7
2714,4 6 7
633,0
409,6 7
10878,
11034,4
23434,4
14309,6 7
13588,
824,6 7
22270,4
13956,4 6
28142,
11999,
1598,4
7944,
21249,6
23014,6 7
24048,
954,6 7
6112,6
17398,6
17465,
8949,4
8510,
21829,6 7
15842,
22722,0 4
1459,4
8564,
18330,4
10900,4
14645,4
4535,6
29741,0 4
22271,
6659,4
3858,4 6
30933,6 7
10161,6
8766,
28378,
22949,
4729,4
5558,6
7714,4
1713,4
16429,6 7
4582,
4943,6
21259,6 7
930,6 7
6147,4
214,
1801,4
28235,4
2310,4 6
23930,
25620,
19279,6 7
699,6 7
12578,6 7
28846,6 7
30750,
11559,4
2478,7
27773,4 6
14829,
23217,4
22883,6
11636,
16416,6 7
8447,
21737,4
18405,6 7
4286,4 6
6527,6 7
3353,
10487,0
2321,
6864,6
18086,
6055,4 6
19208,
10080,7
6557,
2643,6
8343,
23934,
13822,
4543,4 6
1239,6 7
11235,6 7
22612,6 7
2715,
29271,
19353,6 7
29795,6
12692,6 7
12955,
7768,6 7
17373,
21469,
20010,6
27997,4
25565,4
28947,4
27758,4 6
26525,6
8143,6 7
26437,4 6
24259,4
29796,
18380,0
22675,6 7
8676,6
17703,
17717,4
22736,4
25207,0
27753,
15184,
10410,6 7
21757,4
12607,4
9672,0
2017,6
13912,
1972,6
25461,
8953,
20698,4 6
10785,4 6
30776,4
7421,
14272,4 6
28339,
11163,
9129,
3343,
22508,6
2523,4 6
16611,
23809,4
31037,4 6
10193,
5701,
28420,0
924,4
15061,6
1792,0
19224,4
4574,4
18460,
29866,
15274,6 7
13422,6
7266,4 6 7
30773,6 7
27920,
2111,6 7
187,
14086,
19907,4
4151,6 7
22082,4 6
6616,4
21977,6
23850,4
9934,4
4411,4
895,4
30192,
15581,
25658,
2207,4
9502,6 7
15353,4
3474,4
19064,4
29454,4
19257,4 6
17289,0
5923,6 7
24778,
24272,4 6
24453,4
11954,
5485,
21131,
8275,4 6
13349,
15494,6
2834,4
16203,
27211,6 7
28621,
12558,
8372,
8358,4 6
11402,
30449,6 7
18339,4
3030,4
8893,
16586,4 6
18710,6
28086,6 7
12936,
8113,6 7
29738,4
1999,4
16696,6
1504,
8178,4
5116,6
26857,4
12121,
24069,4
22897,6 7
29550,
14679,0
30717,6 7
21211,
5331,4
12400,6 7
29161,6 7
22830,6
28371,6 7
7435,
30893,6 7
25790,
15508,4
14176,
27594,
16870,6
4638,
10253,6
30733,4
581,0
2862,
5889,6
21627,6 7
26291,6
18580,
3510,4
27565,
9908,6 7
24609,
19815,
6091,4
16913,6 7
11583,
8235,4
25077,6
16368,
2720,
23320,4 6
22010,4
8228,4
30611,4
8982,
22715,6
19476,4
2577,4
12653,6 7
16877,4
24922,0
14477,
6462,4
27277,6 7
13624,6 7
10145,6 7
23413,4
13143,
25563,4 6
4676,6 7
13470,4
7208,6
14604,
4936,6
16505,4
24083,
10663,4
3425,6 7
11794,
18342,4
7531,4
25735,
8478,4
11645,4
28517,4
23312,6 7
29086,4 6
29028,
12282,6 7
1569,
18484,
3058,6 7
3717,4 6 7
22806,4
30703,6
17938,
23148,
24798,4
1240,4
9622,4
14941,
21552,6
3577,0
15318,4 6 7
24057,
15754,4
29779,6 7
29047,
259,4
13526,4 6
15949,4
20617,
6928,6 7
2476,6 7
1651,4
3407,6 7
25679,4
16835,4
9847,6
13572,6
26674,
3193,
199,
14716,4
5529,4
26536,4 6
22079,
26888,4 6 7
7169,4 6
20575,4
19868,6 7
6139,
15296,4
28624,
18857,4
1573,4
23617,
17412,4 6
17861,4
3583,4 6 7
18231,4
27436,6
20466,4 6 7
19338,6 7
26935,4
2925,4
15415,
15217,
10570,
10351,6 7
1876,
15082,4
15165,
19713,4
25767,
27013,4
21098,4
27007,
4219,6 7
7334,6 7
3613,6
10169,
9493,4
4448,
13941,
11374,
6637,
30470,6
20968,
1208,4
4470,4
2414,6 7
17263,4 6
12211,4
20072,4
14886,4
30658,4
16705,4 6
20294,
27550,0
13916,4
15299,4
21763,4
5198,4
18972,4 6
22732,6 7
12825,
7471,6 7
27939,0
20719,
12504,6
23819,
758,0
13389,4
13393,4
11964,
3629,6 7
8017,
15975,6 7
24004,
2454,4
31012,6
24591,6 7
26396,6 7
5512,6 7
7237,6
1304,
2065,
23037,4 6
27674,6
7455,6 7
24685,6
12425,
6837,4
24771,4
12312,
12359,
5871,6
2216,6
5818,6 7
16353,4 6
15307,
26554,4
3390,4
23145,
26121,
17730,4 6
4089,6
28040,6 7
9924,6 7
24446,6
12457,4
28118,6
5654,6
18566,6
11482,
4315,3 4 6 7
11697,4
5139,
2429,
1152,6
19550,6 7
14980,4
15417,6
1038,
29159,4
17173,4 6
6145,4
22236,6
12541,4
25218,
30766,
14215,4 6
13514,4
602,6 7
14986,
28660,6 7
19872,6 7
20158,6 7
10892,6
25996,
1232,4
19956,
5622,4 6
22072,
5316,
27262,
25528,6 7
3616,
15888,0
30299,4
11127,6 7
25099,
4703,4
22081,6
21012,6 7
2072,
18081,4 6 7
17941,4 6
2261,
23187,4
7457,0
8458,4
2002,0
15338,4
18082,6 7
19540,6 7
2161,4
9889,
29953,4 6 7
13142,
2249,4
18963,6 7
5703,6 7
29551,4
23106,4
6750,6 7
24519,6
4087,0
847,6 7
14810,
20411,4 6
21255,6 7
28921,0
19308,6 7
23911,4
16476,6
2250,
25324,4
10020,4
8544,4
20816,4
11168,6 7
5475,4
8322,6
28955,4 6
3477,
8716,4
18111,4
28480,4
23974,4
16815,6
3880,
7287,4 6
4781,4 6
5695,6 7
4591,4 6
11748,4 6 7
23030,4
10984,4
13591,4 6
3945,6
29116,0
12005,4
25722,
31025,6 7
6231,6 7
19568,6 7
7437,6 7
10610,
12100,6 7
25726,
1396,6
10542,6 7
13253,
1540,
1589,6 7
27723,6 7
20282,4
15658,4 6
21021,4
3078,
23531,6
2393,4
8597,4 6
6635,
15559,0
6710,4
20591,
22995,
26634,4 6
12333,6 7
14078,
24842,6 7
23822,6
15799,4
8645,4
13101,4
1658,
8237,6
24809,6 7
5600,4
4171,4
27543,6 7
3062,4
23789,6
15631,
21760,4
8616,6 7
3615,6
22026,6 7
5083,4
14063,
10335,6 7
1473,6
4621,6 7
20790,
28881,4
29249,6
11296,0
18316,4 6
25085,4
12458,6
7220,
29552,3 4 6 7
26749,4
12791,4
10074,
29400,4
21982,
26491,6
27432,4
4673,4 6
24563,6
26007,
539,4
29826,4
10510,4
13606,6 7
5792,6
715,4
12761,0
9051,
24860,4 6
10267,6 7
23206,6 7
5532,4 6 7
15411,
27377,6 7
1264,4
23668,4 7
4394,
19128,6
7149,4 6
22473,
14488,6
14789,
11669,4
22324,4
14815,
13848,
11677,
27856,
27960,6
13511,
24321,4
19485,4
19932,
30508,4
7873,4 6
30849,4
25431,
15954,6
5312,0 4
13020,6 7
4951,4
13541,4
26524,4
414,6 7
13405,6 7
6625,4
20243,
26872,4
14314,
14131,
4139,6
17550,
29194,6 7
2284,
23815,4
30932,4
22614,
13458,4
9791,6 7
21689,6
12299,6
7207,4
2508,6
5087,4
18763,
30646,3 4 7
25355,4
13810,6
1357,
11436,4
18807,6 7
8648,4
20447,6
17287,4
27911,4
27188,4 6
1329,4
19779,4
17814,4
24298,4
3210,4 6 7
10584,
9395,4
10687,4
2076,4 6
15288,
22042,
4970,0
26367,6 7
9691,
19804,
5520,4
2923,4
19528,6
27730,4
4333,6
2775,4
19383,
17134,6 7
14764,6 7
15461,4
5947,4
2458,6 7
17216,4
11637,
5608,6
9774,4
5001,4
22222,4
14996,
1506,
25424,
22402,6
14279,4
17388,4 6
8960,0
5422,
14509,6 7
25816,4
9132,
28145,4
14049,
8334,4
22552,
32,
10513,6
17196,4 6
16081,0
30684,6 7
2787,0
676,
2264,4
26754,
30846,
14438,4 6 7
7588,
5280,
14693,3 4 7
15300,
30586,6 7
7704,
16260,4 6 7
5030,
2563,6
3323,6 7
14500,
22966,0
10612,4
2162,4
4567,4
3156,
6117,4
13668,4
3438,
18670,4 6
4491,6 7
2434,6
2507,4 6
15531,4
24550,4
12883,4
13478,6 7
735,6 7
11052,4
2066,4
14224,6 7
13120,4 6
15192,6
6599,4
27468,4
26311,6 7
8471,4
24485,4
22746,
17860,6 7
13365,0
2343,6 7
24882,4 6 7
27266,4
2078,6
28495,6 7
28054,6
3972,6 7
10317,4
24584,6
23242,0
8466,4
13010,6 7
23489,
28013,0
24305,4
3847,4
14210,
6406,4
30596,
14741,4
29803,0
15321,6 7
21281,6 7
30875,4
22227,
14599,4
16973,3 4 7
30335,
19860,
6000,
13337,
8909,6 7
29031,4
17978,
20789,
2693,
4082,4
13440,4
6820,
21048,
7535,6
21041,6 7
16859,
22311,6
10981,3 4 6 7
19613,4
14261,
24277,4
14167,
11708,
26452,6
11303,
3209,4 6
21338,6 7
30816,
27625,
21803,4 6 7
29018,6
2525,6
25590,
9840,6
23223,6 7
12928,6 7
20853,
22885,
21578,
3678,0
7733,4
22613,4 6
19135,4
26187,
19730,4
22420,6
14836,6 7
1602,6 7
6708,4
20488,6 7
29828,6
30613,4
28028,4
10603,6 7
24032,4
2742,
12762,6 7
21025,4
211,
17337,4 6
1992,6
2733,
17171,6
22526,0
22669,6 7
20388,4 6
10222,4
29579,
189,6
20284,4
1276,6 7
13311,
22946,
23783,4
14977,6
28288,
29128,
12096,
26360,
1962,6
9515,
8021,4
9041,4
22433,
22982,6
23566,4 6
3126,4
17962,
7387,
18429,6 7
6113,
6509,4
26446,6 7
3410,4 6
17450,6 7
4754,4 6
24215,4
4611,6 7
28053,
27591,4 6 7
27414,6 7
17948,6 7
13460,4 6
26412,4
25017,4
16639,6 7
26039,6 7
9245,
20800,6 7
12640,4
3442,6 7
1566,6 7
28734,6 7
12423,6
30908,6
12861,4
18579,4
18000,
30483,4 6
25750,
9233,
7424,4
9379,4 6 7
12358,6 7
6163,
5106,6 7
26273,
10167,4
26395,4
50,
23128,4
3996,
27613,6
9375,
25041,4 6
30882,6 7
20553,6 7
7907,4
19960,
12981,4 6 7
8579,0
4919,6 7
2048,6 7
21863,4 6
15803,6 7
6446,6
18247,4
19757,
27330,
11667,4
2421,
12662,
13782,0
3878,4
26788,
19125,4
225,6
2556,6 7
27547,6 7
30753,6
15019,0
19526,4
13007,6
2185,6
1767,6 7
13352,4
24181,4 6
21416,
18664,6
16028,4
5789,
15853,6
11608,0
13250,6 7
1951,6
3367,6 7
25043,
6162,6
24556,6
27774,6 7
10915,6 7
373,
23738,6
20642,4
8689,6
29817,4
7152,6
10477,6
7432,4
13227,4
2270,4 6
17936,6 7
19238,4
2227,
14971,6
17029,0
22238,4
7844,6 7
4800,
8299,
5694,
19462,
11958,4
21464,4
29868,
22273,4 6 7
10139,6 7
28105,6 7
13816,
19386,
19004,
16227,
12534,4
24029,4 6
13264,4 6
12854,6 7
9926,6
27926,4
11280,4 6
1256,4
11625,4
24418,6
22667,
29922,6 7
20796,
7550,4 6
21819,
26278,6
19857,6 7
23349,6 7
24921,6
19392,
2863,4
5858,
23068,6 7
23152,6 7
4148,4 6
16552,4
16698,4 6
13814,
15982,
23955,6
30429,4
25265,
12432,4
4683,4 6
30000,4
9167,
5200,4
21652,
30013,4
23820,0
28108,4
29464,6 7
28529,4
7069,
26775,6
11889,
15205,4
9506,6 7
11987,4
6789,4
28845,4 6
10428,
15683,6
723,
30422,4
1966,6
11176,3 4 7
19110,6
1695,4 6
448,4
7108,
5256,6 7
27422,4 6
19787,6 7
5540,
15328,4 6
20801,
10155,4
14496,
30147,6
1140,6
27889,
1338,6 7
27187,4 6
5539,4 6 7
5730,
21111,4
26573,
25817,4
15840,4
1257,4
13570,
20258,4
23129,4
111,
4094,6
28685,
26510,
29070,
18693,6 7
28,4
9040,6
7602,6
381,4 6
22291,
25103,0
4552,4
20504,4
23998,6 7
10442,
19405,4
7811,6 7
24912,
9950,
9640,4
25262,4
6136,6 7
2018,6 7
11518,4
18076,4
20302,4
2741,
17821,
4452,4
13247,6 7
19381,
27493,6
7930,4
4687,4
16572,4
3204,
12253,6
6559,0
29672,4
30373,6 7
8286,
18037,4
20962,4
9994,0
17051,4 6
20221,
10960,4
25579,6 7
9579,4
869,4
30082,4 6 7
17629,
13403,4
20116,4
21023,
16951,
28956,
4370,6
4348,
26033,0
4778,4
26100,
11674,
18563,4
15809,4
10846,6 7
7571,
5832,6 7
23282,4 6 7
28209,6 7
29706,6
29447,
7056,6 7
15449,
7986,6
16999,4
515,6
58,
25063,4 6
11754,4
22,6
6146,6 7
8412,0
16314,
6440,6
24045,
2853,
18142,
28262,
12404,6
16327,
2297,6
2551,4
4878,6 7
30025,
4130,
21905,
23583,6
9225,
4128,6 7
21885,6 7
7201,6
7425,6
16162,4
19747,4
5874,
20494,6
8200,6
397,6 7
6778,6 7
20332,0
18930,
11446,4
22919,4
8837,0
18526,4
15429,
27953,4
29539,6
9656,
5265,
13031,4
9873,
15343,
26563,4
24744,4
1983,4
29290,4
27815,
9,4
26138,4
27365,
9026,7
23647,
3448,4
19055,
4820,4
26480,
25070,4
25506,6
10763,4 6 7
23179,
10664,4
13056,
14925,4
30161,4 6
15096,4
18213,6
15114,4
27764,4
10747,4
22517,
11412,6
21288,4
1029,
21138,
6456,4
29582,6 7
18375,
27071,
20761,4
10394,
3384,6
19480,4
29988,
10391,4 6
14360,6 7
11311,6 7
10585,
1875,4
18843,6 7
20360,
17348,4 6
1864,
30238,
4809,
4750,4
11481,4
25992,
16804,
13228,4
25418,6 7
9744,4
19980,4
30467,4
29666,
25485,4
5147,6 7
13435,3 4 7
18782,4 6
8011,
6961,6 7
12442,4
9827,0
17771,
14671,4
13286,6
11678,
2666,6 7
6408,6
11000,
678,4
6601,
22784,6 7
14087,
22567,6 7
9598,4
2955,4
2410,4
24699,4
3614,4
8694,6 7
23510,6
18003,4 6
24242,6 7
17937,4
3976,6 7
16830,4
15763,4
13579,4
15583,6 7
20073,
24602,6 7
29770,4 6
21329,4
21814,4
24077,6 7
154,6
10126,4 6
7507,4
18026,4
29381,6 7
939,4 6
7468,
4056,6
19870,6
20747,6
8816,4
24384,
22106,
24503,
21094,
22378,4 6
18864,3 4 7
1414,6 7
20783,6 7
24164,
19644,4
11545,
354,4
15248,4 6
25781,
26370,
6613,6 7
18428,0
11479,4
684,6
1604,6
13671,
10924,4
9492,6 7
16868,4
8333,6
7371,4
3338,
26557,6 7
25800,
24353,
1822,6 7
18449,6
9911,4
22156,6 7
3495,0
23462,
8045,0
406,6 7
6798,
9491,
7764,4
13229,
22055,
30514,4
336,4 6
21827,
604,6 7
27971,
21362,4
5990,6 7
1942,6
30784,
132,
22500,4
9190,6 7
6094,
13626,6 7
12305,
88,6
12767,4
11392,
12344,4
7882,6 7
8135,4 6
1285,6
20029,4
5237,6 7
10291,4
575,
18887,6 7
28387,
863,4
28574,4
21709,6 7
20809,
10515,4 6
8615,
28090,6
27607,6
8683,4
12924,4
23058,
8446,6 7
2835,
3636,4
30858,6
5057,
988,6 7
9865,6 7
6822,4
4469,4
15697,6
10418,4
28343,4
314,6 7
27747,6
29917,4
26029,
7486,4
12875,4 6
8475,6 7
30340,4
6490,4
13449,
4916,6 7
18783,0
28832,
12576,6 7
20153,
9212,4
16890,4
14765,4
4588,4
10952,6 7
6713,4
14247,6
7024,
17087,4
30737,
30884,
23988,4
17335,4
10527,4
18587,6
29638,
12491,4
13274,6 7
22342,
15489,6
1572,4
11219,4
10168,4 6
10426,0
1282,6 7
11528,4
30241,
9008,
12402,
20703,4
18880,6
11066,6
12369,4 6
27381,4 6
6523,6
27343,
902,6 7
4253,4
15612,4
13932,4
1377,6
1626,
18842,4 6
3822,4 6
24673,
24506,4
18362,6 7
18206,
13012,
21762,4 6
22200,4 6
15753,6
20323,
2784,4
21644,
5058,
23867,
654,6 7
30477,
15341,4
26144,4 6
25534,6 7
17609,
8518,4
507,6
4942,6
10779,4
28554,
1065,
22716,4
28738,6 7
11676,4
15419,4
22756,4
6461,6
8984,4
10589,
14401,4
29596,6 7
5348,4
23227,4
15808,3 4 6 7
8967,
6982,
2836,6
6804,6 7
57,
22300,6 7
1121,6
9202,4 6 7
10377,4
19736,4
8310,4 6 7
15668,4
20230,6 7
11099,4 6
17158,6
9443,4 6
1301,
19688,4
30035,
14005,4
28447,6 7
10364,
24834,
13006,
9138,6
1961,6
27240,4 6 7
29830,6 7
6153,6
12585,4 6 7
30957,6 7
21367,
7429,6 7
28925,4
14502,6 7
4482,
23758,
1978,
13487,6 7
14060,
762,4
24332,6 7
9017,4
30810,4 6
22542,
31035,4
8208,6
12907,
18150,4 6
27632,6 7
19409,4 6
1323,4
5154,4
15706,4 6 7
4660,
16829,4
11963,
21379,6
21719,
7117,4
10202,
1173,4 6 7
27656,6 7
17725,4
11684,4
8308,4
13023,
11056,4
12986,4
7197,6 7
7395,
24358,
18924,4
9947,
6669,6
20088,6
23140,6 7
11788,
6259,
20644,
4526,6 7
24317,
29010,4
18519,4
6126,
13598,
26243,4
2930,4
8454,
17905,4
3882,4
21157,4
12994,6
25302,6
1221,4 6
31053,4
2694,
4933,6 7
5041,3 4 6 7
2274,4
18523,4
9042,
19065,6 7
17298,
17564,4
1575,4
20849,4 6 7
10723,4
27521,
19805,4
9606,4
13684,
20111,4
25513,4
4204,6
7110,6 7
2701,
7673,6 7
27727,
20034,6
10790,6 7
20056,
18885,6
20951,4
12954,4 6 7
14664,6 7
23762,
15332,
24193,6
4772,6 7
27763,6 7
29258,4
18059,6
17270,
23476,0
13156,
5437,
9449,4
77,
5476,
24022,
11953,
9792,
14495,6 7
969,
10839,
23257,
27206,3 4 7
421,4
11267,4
14196,4
31020,6
28391,4 6
5165,
25502,4
19614,0
29376,6 7
15966,6
7044,6 7
4497,4 6 7
1908,4 6
15516,6
18701,
8067,6
21566,
28146,6 7
4694,4 6
14927,
23551,
8159,6 7
29608,6 7
9905,4
5323,
22032,
5487,6 7
910,6
6685,
5501,4
2488,6 7
30981,6
19806,4 6
11787,6 7
8686,
20656,6 7
3088,4 6
3691,4
12746,6
16434,4
28951,4
28781,
19292,6
29933,
18607,
20556,
26847,6
21567,4
24756,4
5296,
24217,6
23386,
14772,4
27244,6 7
25775,4
4255,
27169,4
23596,6
5876,
8950,6 7
23392,6 7
27018,6 7
12382,6
4596,4
15024,4
21393,4
20835,
16738,6 7
19610,4 6
24010,0
16117,
24679,4 6
13016,
26673,6
23304,6 7
5074,6 7
29091,4
16447,6 7
4824,
14103,0
17251,4
24889,4
14731,4
3050,4
9240,4
9489,4
22845,4
7905,6 7
25648,6
14057,6
30548,4
15485,
12776,
2558,4
6646,4
25108,
14149,
24631,
6085,6
86,
29652,4
17873,4
26986,4
10996,6
17997,6
8326,4
4323,
6715,6
9440,6 7
28034,0
22254,6
20810,
28477,
17590,6
29384,4
2110,
12885,4
585,6 7
15972,4
9452,6
5053,6 7
15421,6 7
24541,
18640,4
12276,4
695,
8584,
20942,
21626,4
16544,6 7
17893,6 7
29367,4
22147,6
22417,4
12512,
5209,4
9646,6
4124,6 7
8721,6 7
8898,
24515,4
22131,4
2425,6 7
23264,4
2894,6
25854,0
9505,4 6
17115,
21483,6
15368,0
14186,
1129,4
18227,6 7
23427,
4405,4
5891,
7442,
18793,
29277,6 7
16343,6
21210,6
17820,
24062,6 7
4880,4
25425,4
5713,
19788,4
18567,4
5033,6 7
15806,4
5495,0
23134,6 7
15351,
1203,6
13755,4 6 7
16023,4
20213,
4508,4
26261,4 6
1047,6
10108,4
7046,4
25180,6 7
21383,6
1021,6
14252,
21630,4
31014,4
6319,
8370,6 7
14556,
24082,
23174,6 7
10851,0
20813,
26730,
15346,6 7
1881,6 7
24841,4
22672,4
10152,
26255,4
29568,4 6
2056,4 6
25599,
4661,6
13384,6 7
8505,4
5,4
11373,
9818,6 7
13178,4
13854,6
19952,6 7
1487,
8483,6
26528,4
4032,6
3091,4
16941,4
28226,6
15760,
14398,
1574,
16323,6 7
8081,4
16903,
30666,4
23368,6
23597,
573,4
9337,6 7
6530,6 7
23823,4
10635,
9465,
7740,4 6
29840,
15006,6
9983,6 7
23825,4
22056,4
10770,
17140,
14021,4
12411,6 7
19940,
17436,6
5967,
21186,4
14281,
21843,4
26209,4 6
9933,
1066,6 7
22161,6
10324,6 7
6345,4 6
6203,6 7
16910,4
11704,6
30395,
25332,
1823,6 7
4966,
28315,6
26833,6 7
14054,4
23642,4
8921,4
23753,4 6
22879,
30165,4
8874,4
5497,4
22461,4
129,
28158,6
18530,4
18275,6
12887,6 7
14632,
18850,
6755,4
8421,
30926,4 6
26816,6 7
14248,4
20694,
7857,4
27675,4
291,4
14105,
13254,0 4
24479,4
18750,6 7
5073,4
23558,
11595,4
21587,
6598,
30036,6 7
22347,4
24660,4
28992,4
16863,6 7
10660,4
17267,6 7
16583,4
907,4
23666,
7956,4
7483,
8566,6
30669,4
23137,6 7
29593,4
23297,4 6 7
2259,4
10648,6 7
22306,
1696,4
16424,6 7
9330,4
13958,4 6 7
22441,
4833,
13783,
26406,6
27609,
20675,
28833,4
15903,4
11673,
28844,4
21322,
12768,
801,4
9358,4 6 7
7210,
1895,4
13055,
1690,4
14504,6
16771,4
19424,
23074,6 7
28335,6 7
30622,6
26409,
13343,6 7
22277,4
15481,
23945,
25891,6 7
23961,
3418,6 7
8441,4
29541,6 7
568,6 7
18650,4
513,6 7
24545,
6839,6 7
6786,4 6
24707,6
27831,
15276,4
27340,6 7
10295,
16210,6 7
1016,
26929,
3594,4
10345,0
16649,
22573,
12245,0
24106,
6647,
28793,4
2105,
14659,0
23396,6 7
9980,
18680,6 7
29739,4
1753,
12345,4 6 7
22304,
29961,
2599,4
5161,
14937,
8148,4
25547,
2490,
27449,
24906,6
9871,4 6
10696,6 7
28765,4 6
9095,
16015,
9024,4 6 7
7911,
10518,0
26220,
26093,6
27235,6
5893,
4230,4
814,6 7
4906,4
5118,6 7
27386,4 6
3404,6
2504,4
26599,6 7
5192,6 7
13038,6
22198,6
5719,
1431,
6048,6
6999,4 6
12146,4
19937,4
1436,6
2952,4
18093,4
7497,3 4 7
12673,6 7
11913,6 7
10256,4 6
2697,4
17755,4
22577,
4999,4
1932,
13316,6 7
8368,6 7
24958,
16035,6 7
28807,
23408,6 7
23682,4
22506,0
24101,4
22442,6
5553,4
9610,6 7
16068,
29392,
4647,6
26056,6 7
23600,
27198,6 7
20608,6 7
11134,
14707,
26625,0
21238,6 7
11813,
9090,6
13883,4
13716,
18220,6 7
2669,
28908,6
26081,
22610,6 7
25625,6
18571,
25007,3 4 7
30331,4
17510,
3100,4
8496,4 6
26053,6
27936,4 6
30423,
9708,4
9577,4
219,
20549,6
5493,6
28571,6 7
5012,6 7
9303,
25985,0
12046,4
4106,6
24781,4 6
1043,
23043,
16350,6 7
28719,4
5753,4
18831,6
27996,4
10151,
4054,6 7
29611,4
23881,6 7
24410,0
11327,6 7
25979,0
8914,
13547,4
13276,6
6287,
25577,4 6
30581,
21584,6 7
22215,6 7
20418,
16534,6 7
1699,
16882,4
7500,4 6
28596,4
9301,
13152,6 7
26339,6
24397,
16385,6
14413,
20369,
466,
20870,6 7
11744,6
14025,4
8433,6 7
10957,6 7
26579,4
21334,3 4 6 7
30220,
600,6 7
9626,4
4295,4
13258,4
18407,
27580,6
27442,4
23585,4
20807,6 7
15021,6 7
23011,4
331,6 7
22064,4
17508,6 7
8990,4
15690,4 6
17856,
11140,
13191,6 7
2815,
15015,
10777,
21751,4
2171,
17285,
22943,3 4 6 7
18933,6 7
4069,6 7
4109,6
16776,4
30526,6
30850,
19217,4
4580,6 7
2441,4
2533,4
17194,
26893,
22589,3 4 7
12110,6 7
24620,4
2196,6 7
16442,4
11407,
11476,6 7
20163,
19682,4
4133,6
22874,4
21672,6
2796,4
8189,
17810,4
12664,4
13122,4
4415,0
20132,4
29215,6 7
4049,0
20717,4 6
3869,
9483,6
14322,6 7
27784,4
18253,4
29991,4
30150,4
1249,
12412,4
16689,4
10464,
28936,6 7
30865,
6861,4
3750,4
23578,4
11988,
3280,4
5075,6 7
21807,6 7
10879,6
30799,3 4 7
16784,4
2150,6
12641,4
16487,4
22122,6
119,
11881,4
18318,4
23941,6
12249,4
8760,6
27563,
30844,
24766,
22601,6
24943,6
24851,6
6291,4
2582,
12486,6
17425,
31032,6 7
5598,
11895,6
24137,4
11408,6
24933,
9414,4
23010,4
2071,
30080,6 7
29017,
28785,
23541,6 7
8665,4
12430,4
10941,6 7
14134,
6705,6
353,
3877,
7804,4
8085,4
30217,
1666,4
14788,
10617,6 7
22203,4
24231,6
9733,4
4262,6 7
14065,
17257,4
25257,
17282,
12451,4
14007,4
845,
18333,4
16528,4 6
101,4
14515,4
20184,6 7
24244,4
28251,4 6
8983,
21460,4
29197,4
26011,6
1049,4 6
22696,
13269,
24561,4
9665,
30828,
5182,
17729,
25868,6
8183,
8166,0
13347,4
12234,6 7
17694,4
30917,6
18161,
10194,4
14952,4
15426,4
22603,
5412,
11521,6 7
7577,6 7
18912,4
319,
30201,4
28010,6 7
313,
22744,4 6 7
11536,
908,
12496,6
2263,
14673,6
5665,6
29132,6
26432,3 4 7
29247,4
21831,
31002,
5877,
25955,6
8886,6 7
9669,4 6
23545,4
4825,6 7
28707,6
27879,6 7
26555,4
21364,0
19750,6
15380,6 7
8039,0
25530,4
14475,6
8181,
22014,6 7
9121,
23457,
17765,4
15628,4
4472,4
18267,4
7195,
18893,0
24852,0
29178,
3349,6 7
9741,4 6 7
4534,4 6
20573,6
23344,0
9758,4
24349,6
27795,6 7
9343,4
3014,4 6
8394,6 7
16488,
24782,4
23854,4
7244,6 7
3630,4 6
8554,4
8757,6
12390,
20689,4
25877,6
29742,
22910,
14994,
26274,4 6
12714,4
10257,
7461,4
26807,6 7
10099,
5729,6 7
14587,6
12681,
26445,6 7
11567,4
17494,
9178,6 7
30048,
27149,0
4600,
21473,4
23438,6 7
25560,4
5366,4 6
26725,
28188,
28932,6
24553,
8010,0
16150,6 7
11375,4
16977,
16553,6
21501,
7876,4 6
26666,6 7
28081,
23708,4 6
15160,4
28044,6 7
21711,4 6
3632,6
24323,
19523,4
29294,4
10011,6
11946,6 7
20661,6 7
15442,6 7
7350,6 7
30705,4 6
27755,4
14299,6 7
22775,6
6533,4 6 7
24115,4
9955,4
30398,
14357,6
7860,6 7
26663,6 7
20371,3 4 7
8739,
23495,6 7
19548,6 7
23866,4 6 7
26617,4
30393,6 7
22782,
19938,
6916,6 7
12296,
11968,6
27077,6 7
26325,4
22049,
6631,6
4937,4
29370,6
14735,
14698,6
24955,4
30151,
30681,4
6370,
26541,4
12162,6 7
477,4
12489,
1379,
25857,
5615,6 7
8531,4 6
20279,6
14589,
21723,0
1254,4
2081,
15470,4 6
16954,4 6
2575,6 7
15545,6 7
22133,4
19900,
6922,6
30746,4 6
22393,6 7
7772,
15731,
24419,
9997,
21032,6 7
11370,6
20215,4 6
24653,
7482,
28651,4
28667,6 7
27017,4
26086,4 6
21926,
27289,4
7863,
10304,4
5462,4
18463,
29687,
8247,6
26057,
24315,4
836,4
4658,6 7
3185,
22749,6 7
17125,
21800,4 6
20039,4
6304,
1789,
5375,
26003,
23192,
13332,6
26099,6
24202,6 7
4284,6
4868,6
4401,4
9664,4
5044,6 7
4152,
26724,4
23695,
16594,
12000,4
30120,6
1652,4 6
24502,4
6887,
25442,6 7
194,
2883,4 6
20100,4
26797,
1743,6
10492,6 7
13100,4
10706,6 7
14803,6 7
153,6 7
20186,6 7
31019,4 6 7
21940,
18593,
25988,4
3376,6 7
8918,
17545,4
13308,0
959,
2572,4
8150,4
2943,6
13387,
13699,6
24286,
12726,
12151,4 6
19562,6 7
25339,0
12278,4
4675,6 7
15997,4
4548,
26514,
1954,6 7
15541,4 6
30809,
16248,4
274,4
28952,
22206,4
19267,
17297,6
8927,0
22150,
19307,6
16651,6
22035,4
28261,4
25672,6 7
44,4
164,
9727,4
15450,4
8214,4
10383,4
24183,6
22908,
15800,6 7
128,0
29980,
17086,
497,6
26185,6 7
30274,4
5822,6 7
4654,0
10331,4 6
548,
26812,4
26461,0
19009,4 6 7
25783,6
15615,4
435,4
12631,
10034,0 4
24097,6
20987,
21866,4
15818,
27092,6
12770,
9074,
18994,4
11160,3 4 7
3040,4
2363,4
26772,6
30026,
17823,4
28531,
23586,
25931,4
1083,6 7
30128,4
7549,0
30712,6
1780,4
12187,4
23938,4
1827,6
15324,6
27212,6
15985,0
14179,4
10292,
22518,
15292,
15490,
12150,4
28428,4
21508,4 6 7
14609,4
8521,6 7
20438,
7746,4 6
8477,4
27039,6
16070,
950,6 7
18444,
20499,6 7
28635,
21154,
14997,
28493,4
20404,4 6
5325,6 7
1247,6 7
3574,4
22926,6
546,4
3558,6 7
2229,4
20508,6 7
30203,6
7485,
8383,4 6
29136,0
2631,4
9525,4
11172,
11603,6
4780,4
15983,4
11556,6
14708,
21736,4
1243,
16991,6
22948,6 7
3139,6 7
28438,0
20531,
17064,4
3514,6
2651,4
12147,
13165,
11860,
7443,4
19635,4 6
10293,6 7
18358,4
28704,4
27197,0
10232,4
469,
13436,4
29732,6 7
17847,
7605,4 6
19611,6 7
5846,4
17748,4
27514,0
17307,4
1245,4
13358,4
9880,6
29331,6
483,6 7
24495,6 7
19212,6
18160,
16099,
6737,4 6
4031,4
26052,
14150,4 6
3671,
3306,6
20868,
21837,
10174,
15390,4
11433,4 6
24034,6
21839,4
7430,4
218,6
22758,6 7
18325,
14565,4 6
16095,
28485,4
11984,6 7
501,6
18169,4
2020,
21056,
16007,6
1808,4
20310,4
20541,6 7
24902,
24470,
2795,
21431,
7299,4
9907,6 7
1474,
30490,6
28869,
7501,
30019,
11829,4
30167,6
5785,4 6
10908,6
637,4
10484,6
8424,4
702,
5671,6
29065,
15886,4
22486,6 7
29286,4
21937,6 7
16057,
7088,
9360,
1718,4
8058,6
29895,
16937,6
30440,4
12472,4
9996,0
18946,
10797,
74,4
9582,
13019,6 7
6872,6
8362,4
4060,4
28419,4 6
9561,4
1034,4
28184,4
20823,4
5868,
8824,6 7
29853,
14626,4
13126,4
9436,
28365,6 7
10091,6 7
30502,6
2339,4 6
13208,
30873,4
25921,6 7
6684,
28933,
17964,0
4787,4 6 7
4686,4 6
25734,
30256,6
12904,
19178,4
30374,4
28673,
5094,4
14866,6
8455,6 7
15391,4
21844,4
31026,4 6
5614,
10975,6 7
15317,6 7
18913,4
1568,4
24303,4 6
16378,4
5120,4 6
5867,
6023,6
29530,4
15451,4
26340,4
29553,6 7
9887,6 7
10421,4
11086,6
30317,6 7
29645,6
3470,7
27323,6
9730,
20973,
17916,
23675,6
24460,4
7870,6 7
3433,
14298,6
13812,4
18309,4
2650,4
7364,4
23474,
6772,
1547,
14888,4
23763,
29845,
14039,6
7671,6
27231,
2505,
27647,4
30857,
17800,6
7143,
745,6 7
28625,
26130,6
7199,4
24717,4 6
5702,4
20542,4
27446,4
24198,
12256,0
3764,
17225,
3059,
9637,4
17966,4
28812,0
17434,4 6
14841,
6688,
11975,6 7
26199,4
17953,6
15091,4
5066,6 7
23508,
1619,6 7
29123,4
10017,4
29361,4 6
12045,
18458,4
20571,
11973,4
15961,6 7
18431,6 7
15472,
27586,6 7
6193,
9684,4
29755,6 7
10998,6
5089,6
2300,4
12206,4
20577,4 6
26040,
17445,6
21869,6 7
29733,
28840,
11049,
17920,4
16401,4
12914,4
20621,4
24891,6 7
4421,4
16092,4
30255,4
13890,4
18282,6
7820,4
9872,4
6390,4
4183,6 7
9861,0
14326,
4300,6
5801,4
11692,6 7
666,
4157,
19666,
809,4
23776,4
28868,
4483,6 7
25886,6 7
6422,4
489,6 7
6575,
6895,4
23575,4
10190,
2329,4
19260,4
17891,6
2118,6
2452,
8841,
24875,4
3345,
24770,4
12577,4
19072,4
20264,4
14311,
8098,4 6
21108,
1861,6 7
9107,
11368,
22065,
19590,4 6
17095,4
30162,4
24204,4
30258,
5786,
11702,
1491,
5219,
14341,0 4
13731,4
17011,
9356,4
23577,
26390,6
30206,
25970,
28049,6 7
22568,6 7
14486,6 7
11054,4
5926,
17253,
24599,
8662,
4418,4
11875,
21002,6 7
6232,
4181,
28579,0
3389,4 6
29569,
27367,6 7
13752,
6373,6
24924,6
21624,
10227,6 7
12584,
24476,
7414,6 7
9010,0
6363,4
1014,
9701,4 6
24505,4
22951,
23027,6 7
8869,
371,0
13963,4
30011,6 7
26088,6
29187,
19716,
6155,
2200,4
9122,4 6
26861,4
13355,
917,
12019,4 6
20659,6
4537,4
28141,4
2841,6 7
20200,6 7
8337,
1548,
5599,
20290,4
15851,6 7
1219,6 7
17854,6
29109,6
22528,6 7
191,
16342,6 7
3469,
24714,4
2751,4
10003,4
2988,6 7
6694,6 7
22326,4
5177,4
13726,4
24258,4
1637,3 4 7
645,4
8906,4 6
6226,0
391,
7295,4
15473,6 7
30369,6 7
11728,
20225,4
24325,
12419,
16622,0
21443,
22954,
1759,4
25291,0
16518,4
26386,4
17290,0
15599,4
19692,6 7
14848,
2945,4 6
11880,0
21120,6 7
1267,4
1117,4 6
24862,6 7
9822,4 6
4416,
23301,4
24826,4
7637,6 7
4794,
9715,4 6 7
10951,6
24218,4
25514,
7150,
23130,4
25593,6 7
2792,0
14055,6 7
6272,4
13944,6
6932,4
14540,6
21428,6 7
29760,
8242,6
25282,6 7
24235,
29078,6 7
12876,6 7
26069,4
20318,4
20204,
11639,6
15709,6 7
7628,
10788,4
5343,4 6 7
6549,6
2055,
21665,4
3541,
27431,6
6660,6 7
21812,4
7563,6 7
26581,6
10106,
25688,6
14442,6 7
11734,
3164,0
29806,0
23079,4 6
14506,4
27946,0
23232,6
631,4 6
14130,4
25386,
20070,
7646,6 7
30341,4
18273,6 7
1344,4
26648,6
17345,4
18878,
16047,0
19637,
26299,4
13030,
2233,0
15879,4
9425,6 7
21833,
15083,4
23048,
22105,4
10453,6 7
9171,
19721,6
26122,
25172,6 7
25030,
1900,6
821,6
12367,6 7
20179,6
587,6 7
15314,4
4610,4
23690,4 6 7
25515,
14333,
24200,6
5452,4
30388,
2366,
15269,6
22704,0
20387,
9165,6
27677,4
22066,4
19664,6 7
11474,6
1758,4
24033,6 7
30410,
13795,4
23183,
13053,
19985,6 7
27874,4
22338,4
28140,4
18196,
30935,4
1607,4
22992,4 6
28692,4
28498,4
28731,4
30827,
16700,6
29121,4 6
18614,4
28716,
12243,4
28537,4 6
16085,6 7
24368,6
29536,4
4714,
22962,
10609,
2146,6
15033,6 7
12695,4
7248,6 7
385,6
20928,6 7
10789,
27775,
30660,4
1628,
6308,6 7
5978,6 7
30049,
18413,4
1069,4
13959,
24388,
13104,0 4
18668,6 7
7102,4
15468,
4625,6 7
9020,6
618,
18386,6
14050,
25140,6 7
8690,
3230,4
20386,6 7
11950,
6543,6 7
1300,0
27845,6
681,4 6 7
17183,
21237,6
11379,6 7
1039,4 6
21671,6
30719,6 7
18495,6
22462,6
10431,6 7
5353,6 7
19387,
15277,
30796,
30554,6 7
17047,3 4 6 7
22661,
24136,
25826,6 7
23295,
14313,
1952,4
12281,4
14317,6 7
29233,4 6 7
11425,4 6
1387,6 7
23547,4
10680,
22597,
22339,6
17549,6 7
19671,
26737,6 7
24324,4
23226,6 7
10301,4
15705,6 7
29722,4 6
4449,
3740,4
4592,6 7
8380,4 6
20028,4
3380,4
7260,6
1375,
333,
19628,6 7
7314,4
26018,
23056,6 7
29994,4
30309,
24691,4
22762,4
21683,6
21976,6
17109,6
5788,4 6
19335,6 7
12272,6
1816,6 7
5997,6 7
29623,6 7
29461,4
26763,
17612,4
15796,0
1969,4
10579,6
11878,6
17514,4 6
4773,
28415,6
18409,
5007,
23109,
18397,4
4050,4
9868,
16533,
22964,
23199,4 6
26911,4 6
18310,4
11823,
6356,4
19884,
25825,4 6
20277,4
19133,4
22636,4
8170,4
22898,6
33,
8525,4
30728,4
293,
2745,4
5250,
2479,6
1977,4
2940,4
26768,6
26656,6 7
20477,6 7
3282,0
27577,6 7
24212,6 7
1919,4
29135,4
30267,4
9940,
24110,6 7
17375,4
30421,6
29506,6
28841,6 7
12259,6
362,6 7
18725,
6441,6
25614,6
4202,4 6
11976,4
20180,6
4288,0
20253,6
29678,0
21386,6 7
478,
4305,4
7978,6 7
29260,
6799,
16690,
23705,6 7
14278,4
630,
19044,
17418,6 7
21446,0
12044,
5697,6 7
8494,4
5958,6
30805,0
10644,4
23581,4
15456,6 7
20489,4 6
24206,4
4127,4
7132,6 7
1528,4
28964,6
1161,
11020,0
6763,6 7
9437,4 6
8985,4
15291,
30755,
18042,6
7469,6
9014,
21715,
30567,4
8493,4
19315,4
8905,6
19748,6
22315,
23362,
3788,4
17409,
17442,
18987,4
28100,
28218,
25141,6 7
17651,4 6
25524,6 7
10686,4
21268,
19987,4
5064,
17701,4
29273,6 7
23742,
8224,
22216,4
1435,
22164,0
25551,6 7
18123,
9885,4
21750,4 6
13529,
27895,6 7
25390,6
9185,6 7
27091,6 7
3085,6 7
23980,6
7861,
1828,
9857,6
7390,4 6
3576,4
1001,4 6
9692,
4058,6 7
19742,4
1456,6 7
30768,6 7
23375,4
27400,6 7
16061,4
11259,
21743,4
7270,6
19059,
18928,4
30248,4
21840,
27931,4
8695,
15350,6 7
12569,4 6
9984,6
9530,6 7
23863,
19190,
7034,
4278,
28784,
2315,
24720,4 6
24817,4
22538,
9794,4
748,4
29074,6
13029,6
30323,
29878,
13081,
1393,6 7
11465,4 6
21536,4 6
20140,4
7782,4
5980,6 7
13998,6 7
8617,6
3307,
13957,
27130,
14973,4
27978,
30386,6
12209,4
24521,6
7041,4
11578,4
8583,4
10799,6 7
15098,4
25706,6 7
10699,4
15826,4
20752,6
25477,6 7
18056,6 7
16547,0
17594,4
26800,4
12648,
24066,4 6 7
13564,6 7
11269,
29412,4 6
7496,
5805,
38,4
21256,
4624,
19604,6
3696,4
1481,6
7368,4
6186,6 7
10315,6 7
25471,
20448,6 7
4136,6
16522,6 7
14245,4
23767,4
12831,4
2349,6 7
11799,4
16455,6 7
19819,
6035,6
24288,6 7
2144,
16526,4 6 7
5884,4
21400,4
24252,6 7
8104,4
2736,
17473,4
662,4 6
28653,6 7
2443,6
1313,
17931,4
18496,6
20035,4 6 7
29179,4
1570,
15505,4 6
1214,6 7
23062,
26801,4
27430,6
3997,
5736,0
23111,
10727,6 7
4488,4
16005,
24867,6 7
8186,
30910,4
3439,6
11277,4 6
20958,4
19893,6 7
10176,
19461,
21286,4 6
7209,4
25034,6 7
7661,6
16857,4
23898,6
4172,
8720,
1446,6 7
1993,6
730,
28093,4
24381,
27438,6
22958,6 7
4493,0
22330,6 7
12589,
14962,
17512,4
30426,6 7
26610,4 6
23620,6
8533,
8954,
8723,4
4159,4 6
16924,4
17240,4
20478,4
4590,
10776,4 6
26163,4
13986,4
20066,
16898,4
25903,0
17567,4
19259,
1292,6
3924,4
13942,
17331,4
19782,6 7
16514,4
30131,6 7
29891,6
8595,3 4 7
26233,
16409,
3097,4
26139,6 7
1782,
18293,6
754,4
29955,4
30365,4
10209,
25864,4
27820,
25711,0
28594,
6002,
19585,
22853,
20871,4
16683,6 7
9474,6
4409,
5685,6
7402,4
8444,4
22370,4
8722,
18071,
25646,4
29008,
3742,4
13603,6 7
16135,6
3876,
17592,6 7
1711,6
4986,6 7
28976,4
17719,
27481,
27765,6 7
10627,6
6294,4
25411,4 6
29372,6
6781,6
25097,4
26517,4
6251,6
13261,6 7
15048,4
23827,
22040,
20340,0
23847,4
23893,6 7
24688,
29092,6
22849,4 6 7
6417,
24866,0
29545,
18305,
18088,4
6827,4
9821,6
26143,6
24390,
22814,4
26333,6 7
1678,
23599,6 7
7298,
20705,4
27603,
19991,4 6
24246,4
20657,6 7
17581,6
2979,
17303,6 7
21213,6
3443,
26490,
8402,
29325,4
5857,6
19970,6 7
4829,6
12827,4 6
5262,4 6
22857,
26150,4
12064,6
24273,4 6 7
15378,
2546,6 7
4426,6
10476,
1795,
20401,
28486,6
29052,6
16714,4
21690,
11533,
26922,4
10743,4
1571,4
27509,
6104,0
8902,4
3620,
9654,4 6 7
5155,4
21301,4
15123,
17353,
6080,4
26059,6 7
16679,4 6
97,
23632,
983,6 7
1946,
25447,4
4017,4
3728,
3140,4
6152,4 6
15640,4
5659,
14696,
4546,6
22623,4
2,6
10004,4
4456,
14774,6 7
19911,4
19923,6
19427,6
18414,4
24705,4 6
3158,
25913,4
27517,
19897,
28176,
13938,4
28637,
9859,
12416,4
21104,
7271,
3572,
20552,
25107,
19432,6
12999,4
14828,4 6
2684,
16281,4
27701,4 6 7
2267,4
16958,
20937,6 7
10581,6
14217,0
13885,0
25351,4 6
5510,
20797,6 7
13525,4
3730,6
19232,
66,4
12339,6 7
26701,
13201,
6076,4
8059,6 7
14809,4
28578,4
30196,4
10211,6 7
15907,4 6 7
7642,4
17574,4
28606,4
19321,4
19165,6 7
19031,
18794,
8965,
12912,
27957,
21191,6
29152,6
21956,4 6
3953,6
11174,
11901,4
2618,
5606,6 7
25365,4 6
993,4
24920,4
5592,4
16654,4
28295,6 7
12207,4 6
12347,
30344,6
26532,4
3244,6 7
16022,4
5063,3 4 7
3248,
13857,0
11670,4 6 7
7694,
11495,6 7
10507,6 7
18599,4
8795,
6025,6 7
10271,6 7
275,6 7
30434,4
24328,0
5402,6 7
15084,6
20723,4 6
23700,6 7
10007,6
27161,
7095,0
13750,6 7
17607,4 6
29936,4
9543,
26769,7
20127,0
24171,6
2932,4
21730,4
9364,
30084,4
11390,0
22503,0
10055,4
16663,
115,
3771,6
5680,6 7
4001,4
30585,6 7
26113,6 7
14148,
28325,6 7
28008,
30881,6
26903,6 7
17614,6 7
25268,
18616,
18611,4
28328,0
3595,4
15835,6 7
19888,
22319,6 7
11237,4
9170,4
27120,4
8218,6 7
17078,6 7
14076,6
16997,
10512,6
17787,
8911,4
22368,4
6377,4
11247,
24342,
6783,
12972,4
17690,4
6650,6 7
11502,4
9586,6 7
6317,6 7
17799,4
1195,
16972,6 7
1428,6 7
14858,4 6
9009,4
26570,4
23661,
19399,4
8177,4
22642,6 7
23067,4
9970,
13313,
20977,4 6
11689,0
8514,4 6
9141,6 7
30963,6
3506,
9644,
9602,0
2528,4
29124,4
5281,0
30888,4
13499,6 7
10258,
3677,6
4135,4
13402,4
298,6 7
1729,4
1196,4
13089,4
16408,4
133,6
21030,4
6747,4
18553,4
23162,6 7
25794,4 6
5772,6
7955,
19720,
21040,4
24432,4 6
17789,6
21983,
310,
26454,6
11248,
2907,
29077,4
19382,4 6
13800,6
15496,
25168,
12866,4
11762,4
140,6
8413,6 7
12105,6 7
14425,6
3004,0
1055,4
22044,6
20993,6 7
1230,0
231,4
24052,
9405,
6045,
21534,
21635,6
15881,
23330,4
23548,6 7
11499,
29248,
3350,4 6
11484,4
25120,6
22002,4
9409,4
22452,6
17921,4
15891,
14491,6 7
21797,4
13539,
3160,
21970,0
12642,6
14042,6 7
30075,6 7
7214,6
26631,6 7
19121,
8102,4
4367,4 6 7
18404,4
23151,
23212,
27731,4
24201,6 7
23971,6
12024,6 7
10624,6
2222,
7638,4
15016,6
1445,6
24723,6 7
17053,4
25156,6 7
25274,6 7
22745,6 7
250,
5827,6
9204,0
23447,
9037,
20572,6
22529,
24738,
29022,4 6
19150,
22199,
19329,4 6
5528,
19967,4
3602,4
13769,4
12821,4
14649,
28705,
1975,6
56,6 7
15126,
22906,4
5398,4 6
9707,6 7
19071,0
22502,6
20458,4
27363,6
2257,6 7
11826,
21882,6 7
15914,4
1967,
30045,4
22362,4 6
27711,4
11418,4 6
1099,4
9102,4 6
932,
12219,6 7
13085,4 6 7
17968,
2678,6 7
13531,4
13057,
24537,4 6
10540,4
9807,
8324,
27712,4
29063,6 7
28195,4
17583,0
19363,6
26468,6 7
5712,4
23388,4
12862,4
7278,4
11057,6 7
26927,6 7
6788,0
2154,6
14967,4 6 7
24606,6
16439,
13428,6
23935,
4665,4 6 7
20721,
19211,
17713,6
6460,6
28453,
23153,6
24383,
8225,
29642,4
2469,4
28169,
24477,
6007,
27452,4
1559,4
1095,
8671,4
18789,
5242,4
15977,6
12338,4
6990,
15254,4 6
4299,4
20220,6 7
12923,4
23793,4
21558,4
13662,
8750,
17760,4
18321,4
16584,4
28435,4
1354,6 7
3260,
10182,4 7
10872,6 7
23900,4
19930,
18973,0
24789,6 7
6229,
9883,
29610,4
20636,4
13711,
18508,6 7
11299,6 7
4168,4
22747,
20431,6 7
13743,6 7
3360,4 6
26720,6
29592,
15700,
26393,
21064,4 6
23625,
6110,4
22776,4
11777,4
14874,
784,
24074,4
17637,6 7
30628,4
21294,6 7
8205,
24986,4
21060,
23147,4 6
8409,6
25548,
23286,6 7
30252,
13039,6
22332,
16902,3 4 7
6551,
3888,4
3590,4
21370,6
15772,
6227,
6593,
27538,4 6
4196,
6015,4
1220,6 7
30951,6 7
15463,6 7
7354,6 7
27840,4
11994,6 7
29751,4 6
29040,6 7
14228,4
1074,4 6
29499,6
27983,6
5090,6
27605,
10457,6
4097,
10850,
8167,6 7
20485,6 7
1052,4
17906,4 6
18541,6
9189,6 7
664,6 7
19814,0
9480,
25762,6
6663,
13997,6 7
19478,4
18877,
19835,4
4993,4
3523,6 7
19130,6 7
29728,
23281,4
23224,4
18907,6 7
4932,
16775,6 7
28014,
11005,4
8727,4
900,
15239,4
24946,
20832,4 6
4164,
3451,
21062,6 7
28144,6 7
13534,
30994,4 6
25656,4 6
18468,4
6197,6 7
10110,6 7
25661,4
453,
26511,6 7
14657,4
15787,4
5113,0
19803,6 7
19143,4
740,6
10400,6 7
7446,4
18654,6 7
14239,
5908,
17471,
10354,6 7
19975,6 7
12846,4
12793,6
24979,6
5386,
19603,6 7
15537,4
27941,6 7
14899,
3528,
8524,4 6 7
6383,6 7
19705,4 6 7
228,6 7
10726,4
20402,4
195,6
12294,6
15931,4
20909,4 6 7
22561,6 7
12203,4 6
2026,6
23771,
28183,6
16261,6 7
17349,
1686,6
25527,4
4501,4
6749,6 7
30826,6
28575,6 7
10175,4
16404,6 7
28813,4
2001,6
29477,6
2486,4
31028,6 7
6058,6 7
29105,6 7
26012,6
29899,
17774,6
8618,6
27311,4
7403,0 4
14529,6 7
7718,
4831,6
10081,4
13491,4 6
1279,
11096,6
30775,6
18297,6 7
11489,
20854,6
7023,4
4705,6 7
15927,6
21951,4
25721,6 7
28203,4 6 7
13309,6
20150,4
800,4 6
18379,4 6
28722,
24747,4
11141,4
28761,
26518,
11383,
2679,
20712,6
28057,0
2809,4
14570,6 7
12658,
24731,
25509,
16962,4
4893,4
12106,4
6522,4
29056,6 7
21129,4
17227,4
25780,6
17174,
28942,
30683,4
2247,4
27593,6 7
12764,4
2211,4
46,6 7
2514,6
11597,4
12657,
6801,4
18277,4
28389,4
7120,0
29657,4
14001,6
17487,
25466,6 7
8975,6 7
21421,6
19836,4
25778,
14919,4 6
30141,4
24727,6 7
22497,4
16241,4 6
16276,6 7
13163,
1248,4
9673,4
15793,3 4 6 7
18847,4
18775,
9369,6
27217,4
10734,4
24510,
23270,
26586,4
7665,4
3588,6
17727,6 7
4521,
16620,6 7
11660,6 7
10266,6
4334,4
20981,6
18020,4 6
16670,6 7
25366,6
29694,
21497,
1398,6 7
20475,4
27233,
5384,
19992,
9514,
21582,
29612,4
10470,6
26564,4
18774,6
22246,6 7
8469,4
16861,6 7
8319,4
21739,
16943,0
27805,4 6
20434,0
18109,4
2228,
12939,4
8440,4
18451,4
28256,6 7
9777,6
9244,4 6
31065,
21106,6
20934,0
25285,4
19964,
23390,4
15525,4
5307,
7996,
888,
9012,4
6295,4
12601,4
22159,6 7
24696,
10934,4 6
17630,
24726,4
12815,4
29785,
17027,4
28767,4
5173,
1169,
30655,4 6
19849,4
24234,6
7445,6 7
4515,4
18748,4 6
27119,4
16036,4 6 7
15804,6
7341,6 7
21348,4
26902,
593,6
24301,4
12235,4
16389,
5461,4
26024,6 7
16191,
29316,6
13293,4
13427,6 7
24587,4
21733,6
18415,
20744,6 7
29034,6
23039,
25330,4
12652,4
15200,0
2128,4
13926,
13886,6 7
23595,4 6
4730,4
27816,4 6
23095,4
24990,6 7
1197,4
18683,4
11634,6
6970,4
2766,
15077,6
16615,4
19318,4
28552,4
2140,4
29236,4 6
25491,0
16328,
3970,
12179,4
21646,
15418,4
367,6 7
19210,4
15282,
30657,6 7
18139,
23729,4
26119,4
3601,
16854,4
13105,6
10425,4
23910,
18024,4
12318,
10,6 7
2027,6
8068,6
8947,4
20440,4
14819,4
8958,
15533,4
22205,4
16981,6 7
1131,6 7
13775,4
4154,
18562,
8553,4
20364,6 7
332,4 6
20947,4
17254,6
10441,4 6
8029,4
19456,6 7
18008,6 7
14254,
12795,6 7
15227,
4921,
12968,6 7
17827,4
11151,4
21486,6 7
1159,4
23861,4 6
1228,6 7
11230,4 6
4486,
17666,6 7
11922,4 6
24281,
5991,4 6
14080,6 7
3681,4 6
3649,4
11822,6
24949,6 7
10375,
18084,4 6
11093,4
10502,
26696,6
1265,4 6
24049,
19560,4
29049,4
6759,
502,4 6 7
13851,
7893,
18765,4 6 7
9381,6 7
20008,6 7
29591,6 7
29736,6 7
2904,
22476,4
18870,
19048,
15392,
25525,0
11058,4
20624,0
6378,0
12380,4
16777,6
23646,6
1591,6 7
15588,4 6 7
2963,4
24939,
8349,6 7
1750,6 7
3692,4
30110,
30607,6 7
14296,
8932,
12820,6 7
8651,4
2755,4
25624,6
2448,4 6
528,6
28580,
556,4
12630,4
10070,
30009,
697,6 7
27312,
1825,6 7
17045,6 7
10387,4
10463,6 7
3385,6 7
22778,4 6 7
26590,6 7
13236,6 7
6900,4
18202,4 6
11286,
3787,6 7
10146,
6993,4
27678,
5560,6 7
5164,4 6
30261,
5603,4
11278,4 6 7
6620,4 6
14091,0
27483,6 7
23549,4 6
2352,4 6 7
1048,4
25304,6
12725,6
5668,6
23146,
13815,4
10294,4
20265,6
5359,4
6130,4
20081,
5504,
12195,4 6
21430,6
18135,4
18371,
12056,
9111,4
25445,6 7
2226,
2003,4 6
22527,
19291,4
27515,0
30443,6 7
21600,
3818,6
27316,6
17384,
8652,4
17456,4 6
18208,0
27293,6
20105,4
10697,4 6
18503,
10640,6 7
20262,6 7
14010,4
8770,6 7
17686,6
11271,4 6
31021,6
23884,6 7
6135,6 7
27076,4
6431,
16225,6
27702,6
27195,4
9590,
25643,
7012,
27251,4
5838,6 7
20889,7
26295,6 7
18360,
19703,6 7
18674,4 6
30092,
28042,
24849,
12879,4
5582,
22084,4
10503,4
12611,
29504,6
3779,
118,
28829,
24306,
28687,
4158,
9431,4 6
22594,4
30318,
2912,6
21943,4
30106,
4431,
6652,6 7
7691,
18288,4
11534,4
5144,0
16134,6
6909,6 7
28017,4
18031,
28863,4
14324,
26427,6
20281,6 7
20219,
7083,4
6817,6
19751,4
7283,4
1489,0 4
5807,4 6
27524,4
6644,4
6856,
6420,4 6
4162,4
21507,4
15715,
11832,4
20821,0
18805,
29566,4
6860,4
4723,6 7
25585,0
27122,
16543,
7592,4
7084,6 7
23289,4
23990,
26836,6
29190,
30914,
24142,
2079,6
10049,
10204,0
9739,
21697,4
15758,4
28384,4
4721,
11965,
22404,4
1449,
23673,4
7987,6 7
21997,4 6 7
15779,
8560,0
22717,4
23302,4
23601,4
3118,
9139,6
3960,4
29798,4
27021,6 7
18393,6
10910,6 7
29227,
21406,
9922,6
7819,6 7
4232,
3784,6 7
6792,6
8948,
21163,6
9080,6 7
27485,6 7
10926,4
28814,6 7
14084,6
13430,6 7
12231,
16536,4
22247,
9403,4
27270,4
10755,4 6
27030,0
15008,6
13503,4 6
6726,0
14307,6
21407,4
205,6
17084,0
27598,4
28890,
11339,
9864,4
18163,4
22902,6 7
25529,
27002,
26556,6 7
18229,
23926,
5194,6
22656,4
28381,6 7
20349,
13195,0
27283,
11159,4
13246,
2981,6 7
17600,
5210,4
9092,4
20428,0
11516,4 6
843,
15301,
7970,4
24462,
30193,4
17869,
882,
1274,4
8653,6 7
19219,4
17097,
13544,4
20568,4 6
10100,4
23991,
13275,
5133,6 7
26414,6
9307,
9112,
1378,
11062,
14811,4 6
6803,
26264,4 6
7014,4
10882,4 6
18865,4
8774,4
24947,4
22799,4
13243,4 6
13552,
16851,0
24978,4
18270,6 7
1523,
10819,6 7
30876,
23641,6
4378,4 6
22820,
20578,4 6
29196,
29181,4
4108,4 6
14726,4 6
14908,
5355,
16312,4
27909,
26179,4
29314,6 7
22592,4
11845,4
25015,
25032,
29532,4
3756,
20750,6 7
1741,6 7
31005,
19075,4
24669,
3517,
4211,4 6
30074,
7839,6
9931,4
6118,4 6
1734,4
1125,4
16655,4
29157,0
12467,4
7993,
22460,4
20696,6
3170,0
750,
25395,6 7
2491,6
26275,
24015,6
29871,6 7
3665,6
29446,6
4570,
30336,6 7
6332,6
7505,4
6492,4 6
9930,6 7
21357,6 7
3673,4
23669,
28436,6
4982,
9912,
28289,6 7
529,
5015,6
20989,6
8859,0
8004,6 7
16841,
670,6
4184,6
659,
7569,
401,
17054,0
8457,
19067,4
22937,
27703,6
26196,6
19106,
24985,4
9035,4 6
16102,4 6
4179,4
26429,4
22940,0
30760,0
19115,
15361,6
27858,
12863,
28476,6 7
26155,
21155,4 6
6992,6 7
1439,6
9704,4
18364,
15025,
27783,6 7
9927,4
18502,
15416,4
7748,6
14508,
13457,4
29844,
18477,6 7
25668,
17283,
20594,
21425,6
11793,4
30944,
20654,6 7
17593,6
5762,6 7
14441,6
28127,6
28078,6 7
25866,4
15483,6 7
6658,4
1175,
11091,
9332,4
15939,6
3041,4 6
23441,6
19538,6 7
5953,
17792,4
10423,4
479,
16397,6 7
29775,6 7
15377,6 7
26827,4 6
7698,4
8747,
5796,
28776,6 7
10459,4
15258,6
28002,
23836,6 7
25369,6
2332,
8764,6 7
7380,6
1522,4
14617,
2560,0
7027,4
28745,
4441,4
30680,
19764,6
30132,
8486,4
23110,4
26405,6
2442,4 6
8162,
27915,4
11422,4
27969,
25823,4
571,6 7
16749,4
9658,
21427,4
4191,4 6 7
10713,4
24416,4
20830,
5917,4 6
7140,
19971,
13473,
5378,4 6 7
5574,4 6 7
18471,
27487,4
15923,4
9309,6 7
25204,4
1370,4
11707,6 7
13537,
12354,4
23417,0
23250,
21316,4
2475,4
3732,6
17459,6 7
22751,
4264,0
10622,4
1380,
20157,6 7
24797,6 7
16716,
763,6
25352,6 7
11812,
27689,6
18156,4 6
14593,4 6 7
24014,6 7
11569,6 7
7476,
29020,4
6075,6
7790,6 7
17039,6 7
19777,6
8082,4
6921,6 7
5413,
16480,4
5390,
4856,6 7
25766,6 7
29451,6
21287,4
21031,4
30902,4
21026,
8432,4
14474,6
11321,4
20785,4
26048,
13692,
6857,6 7
25495,4
21262,0
5273,4
19800,4
26388,6 7
21318,
29702,6
13213,6
20550,4
9745,4
491,6 7
15055,6 7
21936,
16791,
8052,
16577,6 7
12867,6
2838,6 7
26703,4
29296,
5043,6
22651,
8638,4
3896,
16484,6 7
26045,4
27224,
899,6 7
11014,4
760,4
16942,
21655,4 6
7232,6
5672,6 7
4138,6
5748,
14099,6
5077,6
16628,6 7
17954,4
21580,
13715,6
16521,6 7
4040,6 7
19845,4 6
25079,6 7
26444,4 6
19437,
23023,4
28349,
12734,
20825,6
10746,4
3366,4 6
10252,
29711,6 7
5834,6
26148,4
5450,
24525,4
23888,4
7553,4 6
13993,4
27904,6
28928,6
9422,
3826,
13331,4
29335,4
25841,4
2884,
15833,6
28272,6 7
20738,6 7
24969,
22955,
5919,4
3752,
7621,
24299,6 7
26766,
13899,
27825,4 6 7
21875,4 6
26061,6
3489,
22337,6 7
23479,4
16886,0
27839,6 7
3501,4
3018,
29006,0
10231,4 6
10637,4
25367,4
25231,6
26279,4
21820,
15660,
1345,
24908,
24856,6 7
30725,6 7
10120,4
24761,4
19252,
28213,
18896,4
12039,
11831,6 7
19063,4
29565,0
2386,4
18296,4 6
2351,0
10830,4
16621,6
24837,6
9237,0
27626,4
22737,6
5999,4 6
4758,4
26595,6 7
25354,6 7
9444,6 7
8331,
24701,4
16149,4
25131,
29867,
8400,4 6
12930,4
9541,4 6
27255,6 7
10184,6 7
28263,
4402,6 7
3095,4
7257,
10363,4
13943,4 6
8306,4 6
5319,4
3229,6
29252,6 7
30950,
5661,
27055,6
27070,4
12153,4
3240,6
27423,4
6784,
1664,
18359,4
24408,4 6
3973,
19295,6
22987,
30066,6 7
24948,4
11047,4
27332,4 6
4285,
20585,6
10618,4
518,6 7
17068,6 7
8097,6 7
18872,4
26736,6
2586,4
6039,4 6
21897,
17058,4 6
4229,
31036,
12053,
29245,6 7
922,4 6
26025,
15110,4
3375,
2509,4
17239,6
11936,6
6161,
13621,
10191,
4023,6 7
30847,4
10586,6 7
29149,6 7
24840,0
9700,
26540,4
1070,
28369,4
22352,4
10062,
27143,0
2721,4
26154,
11035,6 7
16490,4
13338,6
21462,
30494,
21452,6 7
26046,6
3190,6 7
7186,4
26042,
26283,6 7
28170,4
251,4
17424,
21599,
4105,4
25202,4 6
16107,4 6
7789,4
10339,6
9917,4
2570,4
14895,6
27822,
22574,
20579,6 7
15189,3 4 7
25157,
17142,4
8229,4
25417,4
12819,
19311,
26181,6
21938,0
15539,4
22057,4
20960,6
7142,6 7
17767,4
25760,4
21504,4
19618,
30872,
5639,4
9569,
1075,4 6 7
11510,4
3966,4
7579,6
22524,6 7
15774,6
11112,6
13522,4
16169,6
7595,6
5583,4
29783,6 7
382,6 7
27871,4
16037,6
2457,4 6
12225,
8890,4
30812,4
2012,4
19699,6 7
2587,4
1041,
22418,0
3161,4 6
28360,4
18689,6
12565,
29401,6 7
7303,6
25039,6
1764,
7962,4
20684,
20649,
15549,6 7
21676,
17496,4
2812,
15766,6 7
18148,
1390,4
12309,6 7
2141,6 7
29224,6 7
28894,4 6 7
15757,6 7
24629,6 7
2880,6
8629,0
5880,
29288,6 7
1162,6 7
9555,
24864,
30874,
1160,4 6
17838,4
2336,6
12571,4
10724,6 7
16454,6 7
2279,4
27614,
3225,4
1482,
6851,
25163,4
1871,
1867,
1717,6 7
12965,
28268,6
17643,4
12699,4 6
4545,0
15142,
13035,6 7
19831,4
17862,4
19243,4
3617,4
17707,6
15294,4 6
23268,0
25694,4 6
25702,4
15918,4 6
3255,4
12680,
16348,4
20563,6
24133,4
30018,4 6
30782,4
4338,4
6374,0
1294,6 7
2354,
8138,
27589,6 7
9945,
15940,4
26151,6
24661,
4404,4 6
28836,4
17260,4
27184,4
12466,4
29396,6
19973,6 7
1151,
8311,0
12066,6 7
20961,6
21410,
19448,4
22176,6 7
25739,
2210,
4460,4
5294,
24829,6 7
15839,6
26503,
19370,4
9916,
22207,4
12903,
11835,4
22210,0
21953,4
28875,6 7
25662,4
11857,4
3005,4
4343,6 7
7900,4
15925,6 7
4188,
26310,4
7597,4
23654,4
89,
25023,4 6
26506,
25267,
21556,
28239,4
2068,6
18130,6 7
15836,
21232,4
25628,6 7
5737,
5257,4 6
20995,6
9156,4 6
23921,4
18029,
14040,6
11400,
16722,6
26504,
3421,4 6
24385,
3532,4 6
1673,6 7
19947,6
11427,4
7051,4 6 7
6568,
26178,4
17309,4 6
26287,
18258,4
29151,6
25060,4
26789,
15894,4 6
22233,4
24327,6
19073,6 7
5324,6 7
1926,4
17857,4
21202,4
12870,4
30983,
10611,4
19863,4
20918,4
26023,4
3974,4
23801,
2398,4
1372,
25005,
19669,4
26247,
26636,6 7
12508,
24968,4
7312,6 7
1939,4
15143,
8071,6 7
20515,
8580,4 6
14824,6
22390,6 7
24233,6 7
22489,6
15713,6
20275,6
1858,4
20055,4
10041,6
13489,6
14737,4 6
17033,6 7
23204,
12705,4
4140,6 7
3606,
16539,4
24391,6 7
8989,
12946,6
4891,6 7
26879,4
27200,4
8866,
22925,
156,4
269,4
22375,
30790,6 7
7070,6 7
16946,3 4 7
2830,
16286,
18661,4
6657,
13326,
4247,6
20769,4
5745,
25937,6 7
30767,4 6
2641,4
30887,6 7
17233,4
7091,
28766,
30077,
11888,4
9690,
12076,6
22882,6 7
690,6
3807,6 7
5119,6
30984,6
24210,6
29622,4
23202,4
9776,4 6
9131,4
29931,6 7
7269,
8463,4 6
23664,4
17073,6
26077,4
10405,
4107,
17840,4
13157,6
26371,
15186,4 6 7
10961,
24163,6
4759,4
4608,
28125,
29106,
22481,
1178,6
26571,6 7
6061,
10026,6 7
6093,4
2453,
8817,0
3553,4 6
29169,6
28092,
24334,4
28930,4
24365,4
13762,
29295,3 4 6 7
7721,
21618,
16911,6 7
22896,
8130,6 7
9013,6 7
19124,4 6
12877,6 7
4615,6 7
21083,6
23164,6 7
16872,
25993,6 7
2483,6
11485,
9723,6
4938,4
15280,
3640,0
15790,
29206,
13838,
3701,
25627,
27945,4
16406,
9800,
25374,
29266,4
20820,
28302,4
12949,0
29690,6 7
9562,
6529,6 7
16173,
6070,4
12556,6
26734,
23215,6
24763,6
11204,4
3324,4
17678,6 7
1199,
4785,6 7
22371,
5692,
18036,4
26520,6 7
30859,6 7
24607,
14461,6
6767,6 7
17478,4
12638,6 7
1611,4
24750,
499,
1897,
14643,6 7
14574,
171,6
3066,
30356,4
1376,
27639,
12081,
4528,6 7
21081,4
27894,6
17245,4
14959,
22894,
3725,4
18639,4
15074,
20192,6
27789,6
5419,
16144,6 7
23982,6 7
20292,
14677,4
26821,4
23770,4
5274,
9633,
20938,
21818,6 7
26201,6
10215,4
29986,4
6354,
9347,6 7
11589,
25346,4
30637,
12268,
15394,6 7
28448,6 7
8160,
24489,6
11487,4
25033,6 7
3884,0
23269,4 6
2082,4
8106,
13535,3 4 6 7
28871,6
15617,4
20980,
14667,0
27726,4
29081,3 4 7
15471,
2905,6
13966,6
1013,
1299,
6960,
4349,4 6
12480,4
27841,0
30975,
8835,6
14954,4 6
28143,4 6
9353,
12931,
29531,4
29281,4
10263,6 7
14163,
9973,6 7
28401,
21242,4
12408,
8336,4 6 7
5180,4 6
8460,
3958,
15339,6
780,6
3226,4 6
26565,4
1135,
27877,
9472,4
28211,4
2303,
27564,4
8839,6 7
9415,0
14411,
14397,4 6
24901,6 7
20045,6 7
27249,6
28526,4
31049,4
6054,4
28762,6 7
16452,4
8537,
28910,6 7
5382,4
9352,4
2342,
12996,
19355,6 7
11363,6
8600,
17325,6
76,
8332,
28006,6 7
1806,6 7
9746,4
23720,6 7
8023,4
27761,6
851,6
6142,0
7899,6
19877,
2808,6
21769,
3560,6
25742,4 6 7
6841,6 7
19982,
31061,6 7
5602,6 7
10568,
28329,
8832,4
14706,4 6
5197,4
12633,6
5357,6 7
8118,
26109,4
7494,
26231,4 6
24498,4
28555,4
17807,4 6 7
20524,
14891,6 7
17403,6 7
15465,
6482,4
10736,
6483,4
18634,6 7
4595,0
17661,
10132,
22268,4
9755,4 6
14460,6
284,6
14219,6
5346,4
2004,
20024,4 6
24071,4 6 7
18714,4
30916,4
27482,4
476,
14647,
27420,4
10370,4
2298,6 7
27285,6
14214,6
6281,6 7
28095,
4396,
16718,4
10121,6
2387,4
1721,4 6
61,6 7
15557,4
20631,
3256,6
24788,
28379,4
22017,
20251,4
21834,
16531,
15882,4
3709,6 7
3903,4
21377,
10157,4
10302,6 7
14823,4
26963,
17093,
10792,6
26591,4
21700,6 7
19250,6
16212,
6693,6 7
25849,4
17480,6 7
2699,4
25228,6 7
3798,6 7
18155,6 7
20352,0
9835,
20502,
21467,0
15699,0
11032,4
5400,4
7793,
8623,4
22135,4
16616,4
43,6
5812,4 6 7
11221,
29068,
96,4 6
19452,4 6
14374,
1124,6 7
11771,6 7
22358,
26116,6 7
5272,6
10388,6
14083,6 7
25252,6 7
20888,
22835,6 7
28048,
28388,6 7
4830,
20095,
24053,4 6 7
14538,
16672,6
15224,7
4379,6
18095,4
9386,4
17834,4
27882,
8719,6 7
25286,
18274,
14029,6 7
25458,6 7
17155,4
18497,4 6 7
25392,6
20667,6
5971,0
9144,
24983,6
23294,
24984,4
21602,6
17474,
25288,6 7
18886,4
10368,4 6
12387,6
25904,4
28609,6 7
15259,4
25325,4
14127,4
7020,4 6
15266,4
27146,4 6
10833,
27108,
6298,
14783,
17584,4 6 7
30290,4
3542,
6397,4
9299,
5771,6 7
9726,6
16097,
15797,
27484,4 6
18882,
11143,6 7
2232,4
5010,
10834,
9382,6
5744,4
21381,7
16614,6 7
10006,
3519,6 7
10707,4 6 7
26752,6
10827,4 6
17542,6
22229,4 6 7
12524,4
14457,4 6
10668,4
15441,0
27987,4
15608,0
14142,6
30407,
10638,6 7
25578,0
17103,
16153,6 7
4201,
23209,4 6
13645,4
12323,6
16383,6
19833,4
9623,6
18867,4
30350,6 7
14197,6 7
17198,6 7
14838,4
30466,
9655,4
6687,6
14432,4
21557,4
25728,4
18601,4
21474,
28927,
80,
21477,6 7
6448,6 7
20136,
29749,
22753,0 4
13569,4 6
28615,4
21849,6
13273,
22038,4
28052,4
15168,4
10811,6 7
29718,4 6
22245,4
11104,4
4494,6
4507,6
3596,
24844,6
3981,6 7
28633,0
15870,6 7
29662,
23091,6 7
992,4
8384,6 7
5320,6
30324,
5085,
25791,
883,4
9287,4 6
27777,4
14551,4
15962,6
18089,
7358,6
13909,
24377,4
6880,6 7
3761,4
26111,
30623,
24292,4 6
14879,4
19087,4
3562,
3549,4
22274,4
25743,4
30177,6
26075,4
13545,
20308,6 7
20929,6 7
456,4
5924,
10205,
13987,6
18549,4
19918,4
5653,
25853,0
24287,4
28228,
18977,
26761,
23677,6 7
3015,
19029,4
27993,6
11071,0
4516,6 7
3801,6
29403,
26981,6 7
2487,4
12691,
30503,4
416,6
19170,
19404,
20971,6 7
5976,4
29842,6 7
10829,
15661,4 6
29342,6 7
7147,
17606,
10505,
24079,6 7
29067,4
29481,4
17617,6 7
10429,6
17786,6
9116,4
20459,4 6
12130,
17959,4
25277,
26192,4 6 7
2991,6 7
12450,4
26223,4
14951,6
30624,4
1620,6
13421,
22998,4
956,6
14945,4
21020,4 6
28331,4
16357,4
13375,6
16570,4
9710,4 6
12745,6
21001,6 7
116,4 6
3651,4 6
4771,0
29686,
22182,4 6
24482,4
4956,4
4375,4 6
26539,
20295,4
24640,
27640,6
6569,6
2087,
3347,4 6
8013,4 6
27476,6 7
20722,4 6 7
9511,0
9936,
29952,6 7
7162,6
3894,
2620,6 7
9291,6 7
5430,6 7
12566,4 6
9261,6 7
18983,0
2992,6 7
27818,0 4
13284,6 7
6120,0
18641,
21822,4
18002,
17091,4 6
14875,
30458,6 7
1057,
9054,
12036,
1597,
9339,4
15357,6 7
25247,6 7
1190,6 7
2456,6 7
4869,6 7
21069,4
2449,4
6242,4
21068,
13354,4
24294,
23902,6
522,4
27821,6
30590,6
5740,
4782,4
12531,6 7
25892,6
1475,
19510,6 7
23031,
19011,6 7
30561,6 7
30061,4
28405,4
26542,6 7
12317,6
8775,4
5420,4 6
15611,6 7
24373,6 7
12962,
11624,0
25382,
1490,4 6
11882,6
25819,4 6
15575,4
23785,6 7
12093,4
15561,4 6
25384,4
619,6 7
11095,6
11870,4
15824,
25584,4
15626,6
4117,6 7
14372,6 7
28193,6
15822,
4980,6 7
17708,6
2032,4
17279,4 6 7
30630,4
135,4
18997,
30959,4
16713,4
473,6
7121,6 7
12212,6
2459,4 6 7
2243,4 6
14505,4
5201,
25129,4
25046,
21883,4
29982,6
29501,
19993,4
26431,4
21755,
11883,4
15591,
16880,4
18673,4
1837,4
7850,4
2501,6 7
11268,4
5777,4
3273,0
12300,
17271,
6464,4
22639,6 7
276,
3312,
11089,
21034,4
27754,6 7
10732,
1536,4
6555,
20076,4
13826,6 7
19994,0
20997,6 7
7735,
19414,4
25678,4 6
30433,4
28884,
2913,
6923,4
17149,4 6
3792,4 6
30924,6 7
8951,0
30305,4
17367,
15038,4
17169,
3499,6 7
28446,3 4 7
21920,6 7
4226,4
17379,4
2933,6 7
3703,6 7
6314,
288,4
3653,4
14780,4
20017,4
26771,
13300,6
20735,6
12989,6 7
622,4
16360,4
10774,4 6
16709,
1499,
12495,
15624,
26835,
15000,6
10761,6
18096,
3151,0
25712,
3056,0
28036,4
28945,
7953,6
26661,4
8594,6
3868,4
30489,
16119,4
5124,
2718,
25481,0
13139,6 7
24974,4
3183,
25293,4 7
11458,4 6 7
25338,4 6
30268,
6237,6 7
15175,
2404,4
16953,6
30310,
10390,
1084,6 7
15399,6
23327,4
17206,
18154,4
28273,4 6
12616,
1928,4
17050,6 7
6476,
18788,
19043,
9674,
19074,4 6
17382,4
18809,4
27173,6 7
13328,
29673,4
13724,6 7
18637,6
3025,
16989,4 6
3411,6 7
17021,
11208,
9705,
16640,
27409,4 6
16732,4
19214,6
11664,6 7
27470,6
19974,
27148,4
7230,
16083,4
22856,4
21836,6 7
24072,4 6
20357,6 7
21802,4
22309,
412,6 7
10675,6 7
29079,0
18300,6 7
19917,6 7
4619,4
13062,6 7
26149,4
14250,
9000,
12241,4
2215,4
72,
14922,4 6
24000,
21573,
14719,4 6
25713,4 6 7
10022,4 6
20903,
11069,4 6
11551,
14998,6
24935,
22100,6 7
22051,6
29043,
1116,4
6815,6
2090,4
19597,
19182,6 7
29365,4
6894,4
17106,6 7
3215,4
22022,
18636,
17509,
54,
27873,6
5854,4
21272,3 4 7
15128,4
22659,
9413,6 7
16624,6 7
25894,4
20330,
30112,
23428,
6369,6
30111,4 6
23932,0
7999,
11790,4
17252,
14562,
4950,6 7
19641,6
20415,
19745,6 7
14200,0
16952,4
5992,
24156,
11355,
413,4 6
12893,4
26987,
17460,
4125,
26515,0
21217,6
9773,4
26164,4
8773,4
23750,6
1915,4 6
29851,6 7
20048,6 7
5313,
2276,6
8669,4
16256,4
2182,4 6
986,4
20933,
2480,4
4503,
28276,6
24746,4 6 7
18776,
258,6
18708,4
6526,6
22752,
20474,4
26246,6 7
10978,4
28706,6 7
30629,6 7
10662,6 7
14129,6 7
24703,4 6
16335,6 7
2771,4
10297,4
20792,
23197,4
30931,6
6209,6
4636,
28618,6 7
13832,4 6
5239,
11090,
203,4 6
2396,6 7
27328,
9558,6
16831,6
27988,4
5303,
19602,6 7
8828,0
17993,
25152,
21066,
21747,6 7
9614,
11803,4
29445,4 6
6021,4
10947,6 7
8700,6 7
328,
20695,
18518,6
19369,
16051,4 6 7
10623,4
1605,0
28774,6 7
81,6
24899,4
10756,4
29304,
29406,
6151,6
21326,6
3020,
14110,4
3946,4
4643,
28661,6 7
16234,4
4733,4
7541,6 7
21006,4 6
20036,4 6 7
1525,6
15692,6 7
12361,4
3395,6
28279,6
10917,
10449,4
9959,6 7
11852,6
17110,
1904,4 6 7
4715,4
27899,6 7
5332,
23580,6
22852,
25243,4
20133,0
10597,4
26978,
17219,6
1510,6 7
16012,4 6
25248,
3722,4
29664,6 7
147,6 7
10129,6
27317,4 6
15057,4
4313,4
28121,6 7
913,6
28987,6
26883,4 6
13592,6
14095,
2006,
18276,6 7
2920,
24422,4
20843,4
28873,4
24296,
1394,4
14364,0
29658,
9030,
20014,4
21078,4
30218,6 7
13654,4
10402,0
26600,4
7049,6
19816,4 6 7
28553,
5335,4
6920,
6102,6 7
18419,
26051,4
26762,4 6
2328,4
12998,6
11250,4
24113,4
28001,
3736,4
19861,6 7
20057,6
18347,
9252,6 7
6918,6 7
580,
13348,4
3150,6
9033,4
18204,4
21007,4 6
12563,6
19709,4
9068,4
15602,4
7124,6
21748,6
21991,6
25630,
18189,
16889,4
15372,
22034,6 7
21192,
6816,6 7
29663,4
18894,4
28582,4
25716,4
11824,
8325,
18110,4
25305,6
22721,0
5078,0
6322,4
15723,4
17448,6 7
28504,6 7
905,7
22225,6 7
2450,4
2811,4
12258,6 7
23919,4 6 7
27325,
12433,4
3468,
8786,4 6
9057,4
29111,4 6
11690,4
574,
17940,4 6 7
2746,4
2881,4
19158,4 6
1892,6 7
6762,4
4239,
4634,6 7
8957,
23381,
24500,6 7
1804,4
2074,6
26548,6 7
13321,4
19046,4
31069,6
21634,6
7676,
7914,4 6 7
19599,6
19373,6
15743,4
22780,6 7
3988,
2042,4 6 7
25605,6 7
3540,4
6945,6 7
30517,4
17104,
28519,6 7
19317,
30228,4
1341,6 7
29232,4
4071,
2782,
25848,
26941,4
14926,4
29813,
22075,6 7
12982,3 4 7
12917,3 4 7
11622,
18261,4
21137,6 7
13897,
19719,
21371,4
29212,6 7
9852,4
6349,3 4 6 7
29786,4 6
9597,
23791,4 6
2906,
22681,4
25959,6 7
14661,4 6
23238,4
15959,
16878,
10876,4
22472,
8453,6
4940,4
20867,4
20596,
2521,4 6
3821,
18938,
4572,
30230,4
29998,0
1668,4
21798,4
6911,6 7
29583,
25273,4
12543,6 7
24981,6 7
2728,6
20740,4
8408,4
16489,4
2516,4
3584,4 6
23185,
30137,4
29897,4
11190,
22355,6 7
7349,4
20108,
19925,
23103,
20090,0
15036,4
8256,6 7
23569,
12515,4 6
27110,4
5128,4
22566,
24493,4
21691,
6855,
3799,6 7
6270,
13576,6
13988,6 7
22244,6
16843,
18290,4
21596,
163,
4793,
3513,4
30149,
19396,6
30904,4
400,6
21550,6 7
540,4
29758,4
555,4
15875,6
19287,
1703,4
8175,
10994,0
3961,
15902,6
29919,4
16222,4
16079,4 6
30587,
5080,4
22837,
23986,
22016,
30232,
3593,
26080,6 7
15056,4
4341,4
13818,4
1229,
24024,4
7788,6 7
1006,0
27766,4
26713,4
13746,
10970,6
14019,
13739,0
16008,4
25420,
17017,
9609,4
4677,4
30889,4
20333,
11113,6 7
17731,4 6
8043,0
4928,
18957,4 6
11887,6
7964,6 7
21187,6 7
11566,
2896,6
9083,4 6
24338,4
9956,4
4640,6
9666,4
27087,
30186,6 7
2023,4
6164,6
29320,
21995,4
17797,0
589,6
3076,
31030,7
22593,4
20484,
12623,4
24401,
14310,6 7
6008,6 7
19500,
765,6 7
1494,6
16105,6 7
3809,6 7
11978,
2893,4
22142,6 7
5660,6 7
2183,4
3249,
474,6 7
11498,4
8691,4
28386,4
24222,0
8348,4
29754,
16438,6
9942,
9435,6 7
20509,4
15068,
12285,
25235,6
17365,4 6
22804,6
26522,6
15420,6 7
26683,
18703,6
1509,6
27492,4 6
16285,4
27927,4
8790,
9620,4
21642,
19916,4
12832,6 7
27642,
21332,
26834,0
1809,4 6
20710,4
9072,6 7
19175,4 6 7
17129,4 6
7467,4
12932,6
2658,6 7
2460,6 7
18969,
27968,
7593,6
18367,
10347,
13132,
21359,4 6 7
26820,
11264,
5424,6 7
10435,6 7
10010,4
29023,6
10814,4 6 7
99,4
8674,4 6
13623,6
13633,
12865,6
11552,6 7
7382,4
5193,
18281,4 6
8090,6 7
6746,4
4871,
10899,6
30051,6 7
5591,
10554,6
19160,6 7
12449,4
16236,6 7
15577,6
28918,4
6208,4 6
20583,4 6
22647,4 6
6442,4
454,4
18170,4
30359,6 7
4005,6 7
10469,4
1501,6 7
15129,6 7
22996,4
22468,4 6
12675,4
15312,6 7
14406,
1706,4
27267,6 7
29724,4
21633,6 7
8680,4 6
1731,4
18834,
14170,
16960,4
26410,
12792,4
16435,
13335,4 6 7
18577,4 6
18745,
20311,6 7
8265,4 6
5236,6
1277,6
28298,4
639,4 6
27125,4
16613,
3177,
19047,6
20616,6 7
22808,4
23778,4
12798,
5222,
23835,6
13209,4
21267,6
11077,4
19830,6
11530,
20611,6
14710,4 6
10944,4
29042,4
1941,6
15427,4
3174,
7527,4
19896,
11722,4 6
9696,6 7
24185,4
20483,4 6 7
8053,4 6
14175,
3286,
18675,6
24405,4
2588,4
10824,
3252,0
24562,6
28227,
3370,4 6
1710,
11123,4
26315,4
28231,
6929,4
17261,4
29680,
1186,4 6
18694,4
11170,6
26334,6 7
21003,6
17776,4 6 7
13808,4
26622,
13881,
8842,4
22959,
19094,4
1714,6
13480,4
15345,
8769,4
5774,
4597,
1587,
13182,
24936,4
24160,
3887,4
27425,4
26578,4
17960,
3319,4
5470,4
9772,4
28432,4 6
13507,6
26826,4
16339,6 7
22703,6 7
5957,
25583,4
24440,4
19032,6
6409,6 7
20234,4
12810,
30941,4
7081,
19712,4
1850,6
10757,
13964,4
2510,6
30866,6 7
20139,4
4266,
18395,4 6
27663,6 7
18191,4
5444,6
10854,
9689,
5565,6 7
11779,4
1797,4
2861,4
11483,
29743,6
1412,6 7
12586,4
19028,4 6
75,
18767,
12756,4
18462,4
14,4
21116,6 7
9145,6 7
17927,4
19236,
20368,4
10216,4 6
9283,
28212,
14172,
7598,
12643,6 7
8852,6 7
22458,0
16415,
26193,4 6
28385,
4696,6
18953,4
24150,4
14088,6 7
26739,
20062,
2060,6
29877,
27619,
16090,
7745,
18402,4
15556,4
9174,4
20050,
7337,4 6
26440,
4435,6 7
16320,
7596,4
15585,
5670,4
10842,4
23927,4
15230,
29422,
14220,4 6
1831,
26859,6
16537,
6673,6 7
20012,6 7
27497,
3697,4
1909,
26699,6
25572,
26998,
11861,4
30897,
2195,
23649,6
11258,6 7
12677,4 6
6983,6
11130,4
5372,6 7
8018,6 7
12261,6
3872,6
6493,4 6
15890,4
29099,
5973,6
5211,4
13158,
28084,4
18943,4
27291,6
4922,
22302,
19687,6
16309,6 7
29698,
16305,
27788,6
27360,4
19904,
15720,
9105,4
15685,6
25010,
28732,0
16084,6
4649,4
11048,
7004,6 7
2217,6
19539,
26969,4
22386,
13467,
14689,6 7
12032,4
9682,6
1092,6
27906,
15211,4
22892,6
7255,6 7
3886,4
19245,
1046,0
21759,4
19542,6
7935,6
13933,6
20505,4
6293,6 7
14287,4
9695,6
6204,6 7
6255,
16917,4
13500,6
29709,4 6
16187,
29912,4
24016,4
17280,4
7340,
5865,4
849,6
30925,
29802,
4995,
19948,
1676,
7532,4
7227,
3101,6
28750,0
11244,4
1834,4 6
4973,6 7
7178,6 7
7361,4
30347,4
4455,4
22637,6 7
12625,6 7
24784,
4979,
25575,6
5282,4
26028,
13894,
11203,
18598,
9327,4
23634,
19829,
9453,4
22376,
9729,4
8164,6
27800,4
19865,6
23784,
23055,
14903,6 7
20580,4
5245,6
11064,4 6
16411,0
11574,
20247,
17665,6
7750,4
25081,4
9712,4
30601,6 7
13248,
23943,6 7
26829,6
13217,0
26212,6
19112,4 6
17482,
819,4 6
1577,4
12332,4
15379,
10683,
15775,
11300,4
17489,4
30594,6
28460,
9021,4
1122,4 6
21641,4
18875,6 7
17634,6 7
17691,4
28835,4
14982,6
16626,6
15066,
21312,6 7
15893,6
22844,
30843,6 7
10561,6
8154,6 7
11600,
1554,4
29974,4
25673,
23714,4
27150,4 6
9019,6
20887,4 6
24751,6 7
25821,4
29494,4 6
18486,6 7
24808,6 7
11596,6 7
30029,
5153,4
16500,6 7
26896,
9181,
29364,4 6
16743,
9219,6 7
12303,6 7
8238,
21354,4
21766,4
30868,
12909,6 7
24,4
17975,4 6
9576,6
21035,4
4949,
19273,4
16618,
25373,4 6
12973,4
25383,4
22933,4
27697,
30229,6
14545,
23977,6 7
15395,6 7
22499,6 7
19248,4
21513,4
526,0
12790,3 4 7
8288,4
8520,
9118,6 7
14454,4 6 7
7345,4
16250,4 6
6727,6 7
13014,
11782,6
29862,
17323,6
23403,4
23553,4
19617,4
8499,6
2368,
14670,6 7
812,6 7
30915,6 7
2982,
17414,4 6 7
20223,
12031,
1422,4
